,Nome do recinto,Morada,Tipo de recinto,Lotação total,RegionId
1,CINE TEATRO VALADARES,CAMINHA,Teatro,142,1
2,GRANDE SALA CENTRO CULT POLIVALENTE PAREDES COURA,AV CÓNEGO BERNARDO CHOUZAL,Outras salas de espetáculos,500,1
3,AUDITÓRIO DO CENTRO CULT POLIVALENTE PAREDES COURA,AV CÓNEGO BERNARDO CHOUZAL,Auditório,149,1
4,TEATRO DIOGO BERNARDES,RUA AGOSTINHO JOSÉ TAVEIRA,Cine-Teatro,305,1
5,TEATRO MUNICIPAL SÁ DE MIRANDA,R MAJOR XAVIER DA COSTA,Teatro,382,1
6,CAFÉ CONCERTO DO TEATRO MUNICIPAL SÁ DE MIRANDA,RUA MAJOR XAVIER DA COSTA,Café concerto,200,1
7,CINEMA VERDE VIANA,PRAÇA 1º DE MAIO,Auditório,141,1
8,CENTRO CULTURAL DE VIANA DO CASTELO,VIANA DO CASTELO,Recinto multiusos,2896,1
9,CINEPLACE ESTAÇÃO VIANA SHOPPING - SALA 1,CENTRO COMERCIAL ESTAÇÃO VIANA,Cinema,122,1
10,CINEPLACE ESTAÇÃO VIANA SHOPPING - SALA 2,CENTRO COMERCIAL ESTAÇÃO VIANA,Cinema,146,1
11,CINEPLACE ESTAÇÃO VIANA SHOPPING - SALA 3,CENTRO COMERCIAL ESTAÇÃO VIANA,Cinema,189,1
12,CINEPLACE ESTAÇÃO VIANA SHOPPING - SALA 4,CENTRO COMERCIAL ESTAÇÃO VIANA,Cinema,229,1
13,TEATRO GIL VICENTE,LARGO DR. MARTINS LIMA,Cine-Teatro,196,2
14,SALA DE ESPECTÁCULOS DO CENTRO CÍVICO DOS FEITOS,LUG DO MONTE - FEITOS,Outras salas de espetáculos,130,2
15,THEATRO CIRCO DE BRAGA-SALA PRINCIPAL,AV DA LIBERDADE 785,Auditório,897,2
16,TEATRO CIRCO DE BRAGA-PEQUENO AUDITÓRIO,AV DA LIBERDADE 785,Auditório,240,2
17,CINEMAS NOS BRAGA PARQUE - SALA 1,CENTRO COMERCIAL BRAGA PARQUE-QTA DOS CONGREGADOS,Cinema,112,2
18,CINEMAS NOS BRAGA PARQUE - SALA 2,CENTRO COMERCIAL BRAGA PARQUE-QTA DOS CONGREGADOS,Cinema,189,2
19,CINEMAS NOS BRAGA PARQUE - SALA 3,CENTRO COMERCIAL BRAGA PARQUE-QTA DOS CONGREGADOS,Cinema,376,2
20,CINEMAS NOS BRAGA PARQUE - SALA 4,CENTRO COMERCIAL BRAGA PARQUE-QTA DOS CONGREGADOS,Cinema,188,2
21,CINEMAS NOS BRAGA PARQUE - SALA 5,CENTRO COMERCIAL BRAGA PARQUE-QTA DOS CONGREGADOS,Cinema,222,2
22,CINEMAS NOS BRAGA PARQUE - SALA 6,CENTRO COMERCIAL BRAGA PARQUE-QTA DOS CONGREGADOS,Cinema,224,2
23,CINEMAS NOS BRAGA PARQUE - SALA 7,CENTRO COMERCIAL BRAGA PARQUE-QTA DOS CONGREGADOS,Cinema,183,2
24,CINEMAS NOS BRAGA PARQUE - SALA 8,CENTRO COMERCIAL BRAGA PARQUE-QTA DOS CONGREGADOS,Cinema,151,2
25,CINEMAS NOS BRAGA PARQUE - SALA 9,CENTRO COMERCIAL BRAGA PARQUE-QTA DOS CONGREGADOS,Cinema,171,2
26,CINEMA CINEPLACE - BRAGA - SALA 1,CENTRO COMERCIAL NOVA ARCADA - AV. DE  LAMAS 100 - BRAGA,Cinema,61,2
27,CINEMA CINEPLACE - BRAGA - SALA 2,CENTRO COMERCIAL NOVA ARCADA - AV. DE  LAMAS 100 - BRAGA,Cinema,278,2
28,CINEMA CINEPLACE - BRAGA - SALA 3,CENTRO COMERCIAL NOVA ARCADA - AV. DE  LAMAS 100 - BRAGA,Cinema,85,2
29,CINEMA CINEPLACE - BRAGA - SALA 4,CENTRO COMERCIAL NOVA ARCADA - AV. DE  LAMAS 100 - BRAGA,Cinema,174,2
30,CINEMA CINEPLACE - BRAGA - SALA 5,CENTRO COMERCIAL NOVA ARCADA - AV. DE  LAMAS 100 - BRAGA,Cinema,156,2
31,CINEMA CINEPLACE - BRAGA - SALA 6,CENTRO COMERCIAL NOVA ARCADA - AV. DE  LAMAS 100 - BRAGA,Cinema,181,2
32,CINEMA CINEPLACE - BRAGA - SALA 7,CENTRO COMERCIAL NOVA ARCADA - AV. DE  LAMAS 100 - BRAGA,Cinema,132,2
33,CINEMA CINEPLACE - BRAGA - SALA 8,CENTRO COMERCIAL NOVA ARCADA - AV. DE  LAMAS 100 - BRAGA,Cinema,157,2
34,CINEMA CINEPLACE - BRAGA - SALA 9,CENTRO COMERCIAL NOVA ARCADA - AV. DE  LAMAS 100 - BRAGA,Cinema,81,2
35,CINEMA CINEPLACE - BRAGA - SALA 10,CENTRO COMERCIAL NOVA ARCADA - AV. DE  LAMAS 100 - BRAGA,Cinema,178,2
36,CINEMA CINEPLACE - BRAGA - SALA 11,CENTRO COMERCIAL NOVA ARCADA - AV. DE  LAMAS 100 - BRAGA,Cinema,86,2
37,CINEMA CINEPLACE - BRAGA - SALA 12,CENTRO COMERCIAL NOVA ARCADA - AV. DE  LAMAS 100 - BRAGA,Cinema,81,2
38,CINE TEATRO DE FAFE-SALA PRINCIPAL,RUA MONSENHOR VIEIRA DE CASTRO,Cine-Teatro,302,3
39,CINE TEATRO FAFE - CINEMA,RUA MONSENHOR VIEIRA DE CASTRO,Cinema,152,3
40,PAVILHÃO MULTIUSOS DE FAFE,PARQUE DA CIDADE,Recinto multiusos,3300,3
41,GRANDE AUDITÓRIO DO CENTRO CULTURAL DE VILA FLOR,AVENIDA DOM AFONSO HENRIQUES,Auditório,799,3
42,PEQUENO AUDITÓRIO DO CENTRO CULTURAL DE VILA FLOR,AVENIDA DOM AFONSO HENRIQUES,Auditório,190,3
43,PAVILHÃO MULTIUSOS DE GUIMARÃES,ALAMEDA CIDADE DE LISBOA,Recinto multiusos,6911,3
44,CINEMA GUIMARÃES SHOPPING - SALA 1,LAMEIRAS - CREIXOMIL,Cinema,98,3
45,CINEMA GUIMARÃES SHOPPING - SALA 2,LAMEIRAS - CREIXOMIL,Cinema,279,3
46,CINEMA GUIMARÃES SHOPPING - SALA 3,LAMEIRAS - CREIXOMIL,Cinema,223,3
47,CINEMA GUIMARÃES SHOPPING - SALA 4,LAMEIRAS - CREIXOMIL,Cinema,155,3
48,CINEMA GUIMARÃES SHOPPING - SALA 5,LAMEIRAS - CREIXOMIL,Cinema,99,3
49,CINEMA GUIMARÃES SHOPPING - SALA 6,LAMEIRAS - CREIXOMIL,Cinema,131,3
50,CINEMAS ESPAÇO GUIMARÃES - SALA 1,ESPAÇO GUIMARÃES - RUA 25 DE ABRIL - SILVARES,Cinema,190,3
51,CINEMAS ESPAÇO GUIMARÃES - SALA 2,ESPAÇO GUIMARÃES - RUA 25 DE ABRIL - SILVARES,Cinema,150,3
52,CINEMAS ESPAÇO GUIMARÃES - SALA 3,ESPAÇO GUIMARÃES RUA 25 DE ABRIL  SILVARES,Cinema,86,3
53,CINEMAS ESPAÇO GUIMARÃES - SALA 4,ESPAÇO GUIMARÃES RUA 25 DE ABRIL  SILVARES,Cinema,100,3
54,CINEMAS ESPAÇO GUIMARÃES - SALA 5,ESPAÇO GUIMARÃES RUA 25 DE ABRIL  SILVARES,Cinema,242,3
55,THEATRO CLUB DE PÓVOA DO LANHOSO,LARGO ANTÓNIO LOPES,Teatro,120,3
56,AUDITÓRIO DO CENTRO CULTURAL DE JOANE,"RUA DR. AGOSTINHO FERNANDES, 113",Auditório,204,3
57,CASA DAS ARTES - GRANDE AUDITÓRIO,AV DR CARLOS BACELAR - PARQUE DE SINÇÃES,Auditório,494,3
58,CASA DAS ARTES - PEQUENO AUDITÓRIO,AV DR CARLOS BACELAR - PARQUE DE SINÇÃES,Auditório,124,3
59,CASA DAS ARTES - CAFÉ CONCERTO,AV DR CARLOS BACELAR - PARQUE DE SINÇÃES,Café concerto,50,3
60,CINEMA FORUM VIZELA - SALA 1,QTA STA SUSANA - S. MIGUEL,Cinema,123,3
61,CINEMA FORUM VIZELA - SALA 2,QTA STA SUSANA - S. MIGUEL,Cinema,93,3
62,CINEMA FORUM VIZELA - SALA 3,QTA STA SUSANA - S. MIGUEL,Cinema,93,3
63,AUDITÓRIO DA LOJA INTERATIVATURISMO-CINEGLOBODOURO,RUA ABEL BOTELHO N.º 4,Cinema,200,4
64,SALA DE ESPETÁCULOS / BOITE E RESTAURANTE BACCARÁ,"RUA 19, N.º 85",Outras salas de espetáculos,240,4
65,BAR PANORÂMICO DO CASINO DE ESPINHO,"RUA 19, N.º 85",Outras salas de espetáculos,120,4
66,SALÃO ATLÂNTICO DO CASINO DE ESPINHO,"RUA 19, N.º 85",Outras salas de espetáculos,500,4
67,GRANDE AUDITÓRIO DO CENTRO MULTI-MEIOS DE ESPINHO,"AVENIDA 24, N.º 800",Auditório,285,4
68,AUDITÓRIO DA BIBLIOTECA MUNICIPAL DE ESPINHO,AVENIDA 24,Auditório,50,4
69,CINE TEATRO ANTÓNIO LAMOSO,"AVENIDA PROFESSOR EGAS MONIZ, N.º 11",Cine-Teatro,520,4
70,AUDITÓRIO DO EUROPARQUE,ESPARGO,Auditório,1408,4
71,CINE TEATRO CARACAS,AVENIDA DR ANTÓNIO JOSÉ DE ALMEIDA,Cine-Teatro,691,4
72,CASA DAS ARTES DO ESPETÁCULO (EX CINEMA IMPERADOR),PRAÇA 25 DE ABRIL,Cine-Teatro,947,4
73,AUDITÓRIO MUNICIPAL DE S. JOÃO DA MADEIRA,RUA 11 DE OUTUBRO,Auditório,199,4
74,CINEPLACE 8ª AVENIDA - SALA 1,"CENTRO COMERCIAL 8ª. AVENIDA - AVENIDA DR. RENATO ARAÚJO, Nº. 1625",Cinema,253,4
75,CINEPLACE 8ª AVENIDA - SALA 2,"CENTRO COMERCIAL 8ª. AVENIDA - AVENIDA DR. RENATO ARAÚJO, Nº. 1625",Cinema,187,4
76,CINEPLACE 8ª AVENIDA - SALA 3,"CENTRO COMERCIAL 8ª. AVENIDA - AVENIDA DR. RENATO ARAÚJO, Nº. 1625",Cinema,139,4
77,CINEPLACE 8ª AVENIDA - SALA 4,"CENTRO COMERCIAL 8ª. AVENIDA - AVENIDA DR. RENATO ARAÚJO, Nº. 1625",Cinema,106,4
78,CINEPLACE 8ª AVENIDA - SALA 5,"CENTRO COMERCIAL 8ª. AVENIDA - AVENIDA DR. RENATO ARAÚJO, Nº. 1625",Cinema,77,4
79,AUDITÓRIO MUNICIPAL DE GONDOMAR,"AVENIDA 25 DE ABRIL, 103",Auditório,233,5
80,CINEMA PARQUE NASCENTE - SALA 1,PARQUE NASCENTE - RIO TINTO,Cinema,226,5
81,CINEMA PARQUE NASCENTE - SALA 2,PARQUE NASCENTE - RIO TINTO,Cinema,315,5
82,CINEMA PARQUE NASCENTE - SALA 3,PARQUE NASCENTE - RIO TINTO,Cinema,494,5
83,CINEMA PARQUE NASCENTE - SALA 4,PARQUE NASCENTE - RIO TINTO,Cinema,359,5
84,CINEMA PARQUE NASCENTE - SALA 5,PARQUE NASCENTE - RIO TINTO,Cinema,265,5
85,CINEMA PARQUE NASCENTE - SALA 6,PARQUE NASCENTE - RIO TINTO,Cinema,143,5
86,CINEMA PARQUE NASCENTE - SALA 7,PARQUE NASCENTE - RIO TINTO,Cinema,166,5
87,CINEMA PARQUE NASCENTE - SALA 8,PARQUE NASCENTE - RIO TINTO,Cinema,101,5
88,CINEMA PARQUE NASCENTE - SALA 9,PARQUE NASCENTE - RIO TINTO,Cinema,101,5
89,CINEMA PARQUE NASCENTE - SALA 10,PARQUE NASCENTE - RIO TINTO,Cinema,90,5
90,CINEMA PARQUE NASCENTE - SALA 11,PARQUE NASCENTE - RIO TINTO,Cinema,103,5
91,CINEMA PARQUE NASCENTE - SALA 12,PARQUE NASCENTE - RIO TINTO,Cinema,90,5
92,PAVILHÃO MULTIUSOS DE GONDOMAR,AV MULTIUSOS,Recinto multiusos,8400,5
93,CINEMA MAIASHOPPING - SALA 1,CENTRO COMERCIAL MAIASHOPPING-ARDEGÃES-ÁGUAS SANTAS,Cinema,279,5
94,CINEMA MAIASHOPPING - SALA 2,CENTRO COMERCIAL MAIASHOPPING-ARDEGÃES-ÁGUAS SANTAS,Cinema,172,5
95,CINEMA MAIASHOPPING - SALA 3,CENTRO COMERCIAL MAIASHOPPING-ARDEGÃES-ÁGUAS SANTAS,Cinema,173,5
96,CINEMA MAIASHOPPING - SALA 4,CENTRO COMERCIAL MAIASHOPPING-ARDEGÃES-ÁGUAS SANTAS,Cinema,145,5
97,CINEMA MAIASHOPPING - SALA 5,CENTRO COMERCIAL MAIASHOPPING-ARDEGÃES-ÁGUAS SANTAS,Cinema,146,5
98,CINE TEATRO CONSTANTINO NERY-SALÃO POLIVALENTE,MATOSINHOS,Cine-Teatro,235,5
99,CAFÉ CONCERTO DO CINE TEATRO CONSTANTINO NERY,MATOSINHOS,Café concerto,200,5
100,CINEMA NORTESHOPPING - SALA 1 VIP,"RUA SARA AFONSO, 105-107- CENTRO COMERCIAL NORTESHOPPING - MATOSINHOS",Cinema,67,5
101,CINEMA NORTESHOPPING - SALA 2,"RUA SARA AFONSO, 105-107- CENTRO COMERCIAL NORTESHOPPING - MATOSINHOS",Cinema,268,5
102,CINEMA NORTESHOPPING - SALA 3,"RUA SARA AFONSO, 105-117- CENTRO COMERCIAL NORTESHOPPING - MATOSINHOS",Cinema,476,5
103,CINEMA NORTESHOPPING - SALA 4,"RUA SARA AFONSO, 105-117- CENTRO COMERCIAL NORTESHOPPING - MATOSINHOS",Cinema,267,5
104,CINEMA NORTESHOPPING - SALA 5,"RUA SARA AFONSO, 105-117- CENTRO COMERCIAL NORTESHOPPING - MATOSINHOS",Cinema,201,5
105,CINEMA NORTESHOPPING - SALA 6,"RUA SARA AFONSO, 105-117- CENTRO COMERCIAL NORTESHOPPING - MATOSINHOS",Cinema,159,5
106,CINEMA NORTESHOPPING - SALA 7,"RUA SARA AFONSO, 105-117- CENTRO COMERCIAL NORTESHOPPING - MATOSINHOS",Cinema,266,5
107,CINEMA NORTESHOPPING - SALA 8,"RUA SARA AFONSO, 105-117- CENTRO COMERCIAL NORTESHOPPING - MATOSINHOS",Cinema,266,5
108,CINEMA DO CENTRO SOCIAL PADRE RAMOS,LG DR FERNANDO AROSO - LAVRA,Cinema,676,5
109,CINEMA NOS LUSOMUNDO MAR SHOPPING - SALA 1,AV FERNANDO TÁVORA  231 - LEÇA DA PALMEIRA,Cinema,452,5
110,CINEMA NOS LUSOMUNDO MAR SHOPPING - SALA 2,AV FERNANDO TÁVORA  231 - LEÇA DA PALMEIRA,Cinema,121,5
111,CINEMA NOS LUSOMUNDO MAR SHOPPING - SALA 3,AV FERNANDO TÁVORA  231 - LEÇA DA PALMEIRA,Cinema,90,5
112,CINEMA NOS LUSOMUNDO MAR SHOPPING - SALA 4,AV FERNANDO TÁVORA  231 - LEÇA DA PALMEIRA,Cinema,164,5
113,CINEMA NOS LUSOMUNDO MAR SHOPPING - SALA 5,AV FERNANDO TÁVORA  231 - LEÇA DA PALMEIRA,Cinema,78,5
114,CINEMA NOS LUSOMUNDO MAR SHOPPING - SALA 6,AV FERNANDO TÁVORA  231 - LEÇA DA PALMEIRA,Cinema,103,5
115,CINEMA NOS LUSOMUNDO MAR SHOPPING - SALA 7,AV FERNANDO TÁVORA  231 - LEÇA DA PALMEIRA,Cinema,73,5
116,CINEMA NOS LUSOMUNDO MAR SHOPPING - SALA IMAX,AV FERNANDO TÁVORA  231 - LEÇA DA PALMEIRA,Cinema,442,5
117,AUDITÓRIO EXPONOR,AV DR ANTÓNIO MACEDO,Auditório,958,5
118,AUDITÓRIO DA FUNDAÇÃO A LORD,RUA DA COOPERATIVA - LORDELO,Auditório,265,5
119,TEATRO CARLOS ALBERTO,RUA DAS OLIVEIRAS,Teatro,338,5
120,CINEMA ESTUDIO CENTRO CARID N SRA PERPÉTUO SOCORRO,RUA COSTA CABRAL 128,Cinema,493,5
121,CINEMA PASSOS MANUEL,RUA  PASSOS MANUEL Nº. 137,Cinema,179,5
122,TEATRO NACIONAL DE S. JOÃO,PC DA BATALHA,Teatro,650,5
123,RESTAURANTE TÍPICO O FADO,LARGO SÃO JOÃO NOVO 16-16A,Casa de fado,64,5
124,CASA DE FADOS MAL COZINHADO,RUA OUTEIRINHO 11,Casa de fado,50,5
125,TEATRO DE BELOMONTE-TEATRO DE MARIONETAS DO PORTO,R BELMONTE 57,Auditório,48,5
126,AUDITÓRIO DA FUNDAÇÃO ENG ANTÓNIO DE ALMEIDA,R TENENTE VALADIM 325,Auditório,283,5
127,CINEMA NUN'ÁLVARES,"RUA GUERRA JUNQUEIRO,Nº. 485",Cinema,192,5
128,CINEMA TRINDADE-SALA 1,R RICARDO JORGE,Cinema,178,5
129,CINEMA TRINDADE-SALA 2,R RICARDO JORGE,Cinema,168,5
130,TEATRO DA VILARINHA,"Rua da Vilarinha, 1386",Teatro,108,5
131,AUDITÓRIO DO TEATRO DO CAMPO ALEGRE,R DAS ESTRELAS,Teatro,392,5
132,SALA ESTÚDIO DO CAMPO ALEGRE,R DAS ESTRELAS,Teatro,62,5
133,CINESTÚDIO DO CAMPO ALEGRE,R DAS ESTRELAS,Cinema,70,5
134,CAFÉ TEATRO DO CAMPO ALEGRE,R DAS ESTRELAS,Café concerto,142,5
135,CASA DAS ARTES DO PORTO-SALA HENRIQUE ALVES COSTA,RUA RUBEN A 2010,Cinema,195,5
136,GRANDE AUDITÓRIO DO TEATRO MUNICIPAL RIVOLI,PC D JOÃO I,Auditório,838,5
137,PEQUENO AUDITÓRIO DO TEATRO MUNICIPAL RIVOLI,PC D JOÃO I,Auditório,174,5
138,AUDITÓRIO DO MUSEU DE SERRALVES,RUA D JOÃO DE CASTRO Nº. 210,Auditório,252,5
139,CINE TEATRO SÁ DA BANDEIRA,"RUA SÁ DA BANDEIRA, Nº. 94",Cine-Teatro,850,5
140,CINEMA ESTÚDIO 111 (TEATRO SÁ DA BANDEIRA),RUA SÁ DA BANDEIRA 108,Cinema,29,5
141,COLISEU DO PORTO,RUA PASSOS MANUEL Nº.137,Coliseu,3500,5
142,SALÃO ÁTICO,"RUA PASSOS MANUEL, Nº. 137  COLISEU DO PORTO",Outras salas de espetáculos,476,5
143,SALÃO JARDIM (EX CAFÉ CONCERTO DO COLISEU DO PORTO,R PASSOS MANUEL 137-EDIF DO COLISEU DO PORTO,Outras salas de espetáculos,200,5
144,AUDITÓRIO DA BIBLIOTECA ALMEIDA GARRETT,RUA D MANUEL II - PALÁCIO DE CRISTAL,Auditório,192,5
145,CASA DA MÚSICA - SALA SUGGIA,AVENIDA DA BOAVISTA Nº. 604 - 610,Auditório,1244,5
146,CASA DA MÚSICA - SALA 2,AVENIDA DA BOAVISTA Nº. 604 - 610,Auditório,650,5
147,MOSTEIRO DE SÃO BENTO DA VITÓRIA,RUA DO MOSTEIRO DE SÃO BENTO DA VITÓRIA,Outras salas de espetáculos,357,5
148,CINEMAS ALAMEDA SHOP & SPOT PORTO - SALA 1,R DOS CAMPEÕES EUROPEUS 28/198,Cinema,289,5
149,CINEMAS ALAMEDA SHOP & SPOT PORTO - SALA 2,R DOS CAMPEÕES EUROPEUS 28/198,Cinema,141,5
150,CINEMAS ALAMEDA SHOP & SPOT PORTO - SALA 3,R DOS CAMPEÕES EUROPEUS 28/198,Cinema,183,5
151,CINEMAS ALAMEDA SHOP & SPOT PORTO - SALA 4,R DOS CAMPEÕES EUROPEUS 28/198,Cinema,158,5
152,CINEMAS ALAMEDA SHOP & SPOT PORTO - SALA 5,R DOS CAMPEÕES EUROPEUS 28/198,Cinema,158,5
153,CINEMAS ALAMEDA SHOP & SPOT PORTO - SALA 6,R DOS CAMPEÕES EUROPEUS 28/198,Cinema,119,5
154,CINEMAS ALAMEDA SHOP & SPOT PORTO - SALA 7,R DOS CAMPEÕES EUROPEUS 28/198,Cinema,80,5
155,HARD CLUB DO MERCADO FERREIRA BORGES,"PRAÇA DO INFANTE, nº. 95",Recinto multiusos,400,5
156,SALA POLIVALENTE DO MERCADO FERREIRA BORGES,"PRAÇA DO INFANTE, nº.95",Outras salas de espetáculos,200,5
157,ZERO TABUS,"PRAÇA MOUZINHO ALBUQUERQUE, 113 - 3.º PISO FRACÇÃO P",Outras salas de espetáculos,12,5
158,CINE TEATRO GARRETT,RUA JOSÉ MALGUEIRA  9 A 15,Cine-Teatro,470,5
159,CAFÉ CONCERTO DO CINE TEATRO GARRETT,RUA JOSÉ MALGUEIRA  5,Café concerto,50,5
160,PRAÇA DE TOIROS DA PÓVOA DE VARZIM,LARGO DR. JOSÉ PONTES,Praça de touros,5081,5
161,SALÃO D' OURO DO CASINO DA PÓVOA DE VARZIM,PÓVOA DE VARZIM,Outras salas de espetáculos,596,5
162,AUDITÓRIO DO FÓRUM CULTURAL DE ERMESINDE,RUA FÁBRICA DA CERÂMICA,Auditório,302,5
163,AUDITÓRIO MUNICIPAL DE VILA DO CONDE,PC DA REPÚBLICA,Auditório,200,5
164,CINE TEATRO EDUARDO BRAZÃO,RUA PROFESSOR AMADEU SANTOS,Cine-Teatro,277,5
165,CINEMA DE SANDIM,"RUA DO CABO, Nº. 444 - SANDIM",Cinema,200,5
166,CINEMA GAIASHOPPING - SALA 4DX,"AVENIDA DOS DESCOBRIMENTOS, Nº. 549 - CENTRO COMERCIAL GAIASHOPPING",Cinema,151,5
167,CINEMA GAIASHOPPING - SALA 2,"AVENIDA DOS DESCOBRIMENTOS, Nº. 549 - CENTRO COMERCIAL GAIASHOPPING",Cinema,83,5
168,CINEMA GAIASHOPPING - SALA 3,"AVENIDA DOS DESCOBRIMENTOS, Nº. 549 - CENTRO COMERCIAL GAIASHOPPING",Cinema,250,5
169,CINEMA GAIASHOPPING - SALA 4,"AVENIDA DOS DESCOBRIMENTOS, Nº. 549 - CENTRO COMERCIAL GAIASHOPPING",Cinema,376,5
170,CINEMA GAIASHOPPING - SALA 5,"AVENIDA DOS DESCOBRIMENTOS, Nº. 549 - CENTRO COMERCIAL GAIASHOPPING",Cinema,234,5
171,CINEMA GAIASHOPPING - SALA 6,"AVENIDA DOS DESCOBRIMENTOS, Nº. 549 - CENTRO COMERCIAL GAIASHOPPING",Cinema,166,5
172,CINEMA GAIASHOPPING - SALA 7,"AVENIDA DOS DESCOBRIMENTOS, Nº. 549-CENTRO COMERCIAL GAIASHOPPING",Cinema,164,5
173,CINEMA GAIASHOPPING - SALA 8,"AVENIDA DOS DESCOBRIMENTOS, Nº. 549 - CENTRO COMERCIAL GAIASHOPPING",Cinema,178,5
174,CINEMA GAIASHOPPING - SALA 9,"AVENIDA DOS DESCOBRIMENTOS, Nº. 549 - CENTRO COMERCIAL GAIASHOPPING",Cinema,178,5
175,CINEMA UCI ARRÁBIDA 20 - SALA 1,ARRABIDA SHOPPING-CANDAL-AFURADA,Cinema,322,5
176,CINEMA UCI ARRÁBIDA 20 - SALA 2,ARRABIDA SHOPPING-CANDAL-AFURADA,Cinema,233,5
177,CINEMA UCI ARRÁBIDA 20 - SALA 3,ARRABIDA SHOPPING-CANDAL-AFURADA,Cinema,151,5
178,CINEMA UCI ARRÁBIDA 20 - SALA 4,ARRABIDA SHOPPING-CANDAL-AFURADA,Cinema,150,5
179,CINEMA UCI ARRÁBIDA 20 - SALA 5,ARRABIDA SHOPPING-CANDAL-AFURADA,Cinema,124,5
180,CINEMA UCI ARRÁBIDA 20 - SALA 6,ARRABIDA SHOPPING-CANDAL-AFURADA,Cinema,124,5
181,CINEMA UCI ARRÁBIDA 20 - SALA 7,ARRABIDA SHOPPING-CANDAL-AFURADA,Cinema,125,5
182,CINEMA UCI ARRÁBIDA 20 - SALA 8,ARRABIDA SHOPPING-CANDAL-AFURADA,Cinema,133,5
183,CINEMA UCI ARRÁBIDA 20 - SALA 9,ARRABIDA SHOPPING-CANDAL-AFURADA,Cinema,163,5
184,CINEMA UCI ARRÁBIDA 20 - SALA 10,ARRABIDA SHOPPING-CANDAL-AFURADA,Cinema,163,5
185,CINEMA UCI ARRÁBIDA 20 - SALA 11,ARRABIDA SHOPPING-CANDAL-AFURADA,Cinema,212,5
186,CINEMA UCI ARRÁBIDA 20 - SALA 12,ARRABIDA SHOPPING-CANDAL-AFURADA,Cinema,234,5
187,CINEMA UCI ARRÁBIDA 20 - SALA 13,ARRABIDA SHOPPING-CANDAL-AFURADA,Cinema,200,5
188,CINEMA UCI ARRÁBIDA 20 - SALA 14,ARRABIDA SHOPPING-CANDAL-AFURADA,Cinema,164,5
189,CINEMA UCI ARRÁBIDA 20 - SALA 15,ARRABIDA SHOPPING-CANDAL-AFURADA,Cinema,607,5
190,CINEMA UCI ARRÁBIDA 20 - SALA 16,ARRABIDA SHOPPING-CANDAL-AFURADA,Cinema,519,5
191,CINEMA UCI ARRÁBIDA 20 - SALA 17,ARRABIDA SHOPPING-CANDAL-AFURADA,Cinema,131,5
192,CINEMA UCI ARRÁBIDA 20 - SALA 18,ARRABIDA SHOPPING-CANDAL-AFURADA,Cinema,144,5
193,CINEMA UCI ARRÁBIDA 20 - SALA 19,ARRABIDA SHOPPING-CANDAL-AFURADA,Cinema,138,5
194,CINEMA UCI ARRÁBIDA 20 - SALA 20,ARRABIDA SHOPPING-CANDAL-AFURADA,Cinema,314,5
195,AUDITÓRIO MUNICIPAL DE VILA NOVA DE GAIA,RUA DE MOÇAMBIQUE,Auditório,330,5
196,SALA DE ESPECTÁCULOS DO HOTEL DO CASINO DE CHAVES,LUGAR DO EXTREMO - VALDANTA,Outras salas de espetáculos,800,6
197,AUDITÓRIO MUNICIPAL DE RIBEIRA DE PENA,BAIRRO DO CAVALINHO - SALVADOR,Auditório,178,6
198,TEATRO FONSECA MOREIRA-CASA ARTES DE FELGUEIRAS,AVENIDA DR. MAGALHÃES LEMOS -  MARGARIDE,Teatro,266,7
199,CAFÉ CONCERTO - CASA DAS ARTES DE FELGUEIRAS,AVENIDA DR. MAGALHÃES LEMOS - MARGARIDE,Café concerto,300,7
200,CINEMAS FERRARA PLAZA - SALA 1,"RUA DAS PEDREIRAS, 36 - CARVALHOSA",Cinema,103,7
201,CINEMAS FERRARA PLAZA - SALA 2,"RUA DAS PEDREIRAS, 36 - CARVALHOSA",Cinema,190,7
202,CINEMAS FERRARA PLAZA - SALA 3,"RUA DAS PEDREIRAS, 36 - CARVALHOSA",Cinema,124,7
203,CINEMAS FERRARA PLAZA - SALA 4,"RUA DAS PEDREIRAS, 36 - CARVALHOSA",Cinema,124,7
204,CINEMAS FERRARA PLAZA - SALA 5,"RUA DAS PEDREIRAS, 36 - CARVALHOSA",Cinema,124,7
205,AUDITÓRIO MUNICIPAL CENTRO INOVAÇAO TEC INOVARURAL,R LUÍS DE CAMÕES,Auditório,213,8
206,CINE-TEATRO DE TORRE DE MONCORVO,AVENIDA ENGENHEIRO DUARTE PACHECO,Cine-Teatro,293,8
207,AUDITORIO MUNICIPAL DE SABROSA,RUA DO LORETO / RUA FLORINDO CALHELHA,Auditório,225,9
208,GRANDE AUDITÓRIO DO TEATRO MUNICIPAL DE VILA REAL,LUGAR DA GUIA - ALAMEDA DE GRASSE,Auditório,540,9
209,PEQUENO AUDITÓRIO DO TEATRO MUNICIPAL DE VILA REAL,LUGAR DA GUIA - ALAMEDA DE GRASSE,Auditório,145,9
210,AUDITÓRIO AO AR LIVRE DO TEATRO MUN DE VILA REAL,ALAMEDA DE GRASSE,Auditório,700,9
211,CAFÉ CONCERTO DO TEATRO MUNICIPAL DE VILA REAL,ALAMEDA DE GRASSE,Café concerto,100,9
212,CINEMA NOS NOSSO SHOPPING DOURO - SALA 1,LUGAR DA GUIA - ALAMEDA DE GRASSE,Cinema,226,9
213,CINEMA NOS NOSSO SHOPPING DOURO - SALA 2,LUGAR DA GUIA ALAMEDA DE GRASSE,Cinema,103,9
214,CINEMA NOS NOSSO SHOPPING DOURO - SALA 3,LUGAR DA GUIA - ALAMEDA DE GRASSE,Cinema,103,9
215,CINEMA NOS NOSSO SHOPPING DOURO - SALA 4,LUGAR DA GUIA - ALAMEDA DE GRASSE,Cinema,112,9
216,CINEMA NOS NOSSO SHOPPING DOURO - SALA 5,LUGAR DA GUIA - ALAMEDA DE GRASSE,Cinema,146,9
217,CINEMA NOS NOSSO SHOPPING DOURO - SALA 6,LUGAR DA GUIA - ALAMEDA DE GRASSE,Cinema,146,9
218,CINEMA NOS NOSSO SHOPPING DOURO - SALA 7,LUGAR DA GUIA - ALAMEDA DE GRASSE,Cinema,93,9
219,PAVILHÃO MULTIUSOS DE LAMEGO,LARGO DA FEIRA - ALMACAVE,Recinto multiusos,2591,10
220,CINE FORUM DE PENEDONO,AV ADRIANO DE ALMEIDA,Auditório,150,10
221,TEATRO MUNICIPAL DE BRAGANÇA,AVENIDA DR. FRANCISCO SÁ CARNEIRO,Teatro,400,11
222,CINE TEATRO DE MACEDO DE CAVALEIROS,RUA ENGENHEIRO MOURA PEGADO,Cine-Teatro,305,11
223,PRAÇA DE TOIROS DE URRÓS,URRÓS,Praça de touros,3500,11
224,AUDITÓRIO DA CASA DA CULTURA,RUA DO CANO,Auditório,168,11
225,PRAÇA DE TOIROS DE VINHAIS,VINHAIS,Praça de touros,1952,11
226,CINE TEATRO DE ALCOBAÇA JOÃO D'OLIVA MONTEIRO,RUA AFONSO DE ALBUQUERQUE,Cine-Teatro,315,12
227,AUDITÓRIO DO CENTRO CULTURAL GONÇALVES SAPINHO,RUA COOPERATIVA DO ENSINO -  ALCOBAÇA,Auditório,370,12
228,PRAÇA DE TOIROS DE CALDAS DA RAINHA,CALDAS DA RAINHA,Praça de touros,3194,12
229,AUDITÓRIO OS PIMPÕES,RUA DR FERNANDO CORREIA - BAIRRO ALÉM DA PONTE,Outras salas de espetáculos,309,12
230,GRANDE AUDITÓRIO DO CENTRO CULTURAL E CONGRESSOS,R LEONEL SOTTO MAYOR,Auditório,660,12
231,PEQUENO AUDITÓRIO DO CENTRO CULTURAL E CONGRESSOS,R LEONEL SOTTO MAYOR,Auditório,148,12
232,CAFÉ CONCERTO DO CENTRO CULTURAL E CONGRESSOS,R LEONEL SOTTO MAYOR,Café concerto,140,12
233,CINEMA ORIENT CINEPLACE - CALDAS RAINHA - SALA 1,RUA BELCHIOR DE MATOS  11,Cinema,103,12
234,CINEMA ORIENT CINEPLACE - CALDAS RAINHA - SALA 2,R BELCHIOR DE MATOS  11,Cinema,73,12
235,CINEMA ORIENT CINEPLACE - CALDAS RAINHA - SALA 3,R BELCHIOR DE MATOS  11,Cinema,162,12
236,CINEMA ORIENT CINEPLACE - CALDAS RAINHA - SALA 4,R BELCHIOR DE MATOS  11,Cinema,93,12
237,CINEMA ORIENT CINEPLACE - CALDAS RAINHA - SALA 5,R BELCHIOR DE MATOS  11,Cinema,56,12
238,CINE TEATRO DA NAZARÉ,RUA DR. RUY ROSA,Cine-Teatro,432,12
239,TEATRO CHABY PINHEIRO,LARGO NOSSA SENHORA DA NAZARÉ - SÍTIO DA NAZARÉ,Teatro,322,12
240,PRAÇA DE TOIROS DO SÍTIO DA NAZARÉ,LUGAR DO SÍTIO,Praça de touros,4306,12
241,"PRAÇA DE TOIROS JOSÉ MARQUES SIMÕES, ARRUDA VINHOS",ARRUDA DOS VINHOS,Praça de touros,2537,13
242,AUDITÓRIO MUNICIPAL DE ARRUDA DOS VINHOS,RUA GAGO COUTINHO E SACADURA CABRAL,Auditório,111,13
243,CINE-AUDITÓRIO VALENTINA DE ABREU,AV DOS BOMBEIROS VOLUNTÁRIOS  19/21,Cine-Teatro,167,13
244,CENTRO CULTURAL DA LOURINHÃ DR. AFONSO R. PEREIRA,"RUA JOÃO LUÍS DE MOURA, N.º 60",Outras salas de espetáculos,107,13
245,CINE TEATRO DE SOBRAL DE MONTE AGRAÇO,LARGO GAGO COUTINHO E SACADURA CABRAL,Cine-Teatro,219,13
246,PRAÇA DE TOIROS DE SOBRAL DE MONTE AGRAÇO,RUA TENENTE CORONEL JOÃO LUIS DE MOURA,Praça de touros,2397,13
247,TEATRO CINE FERREIRA DA SILVA,AVENIDA TENENTE VALADIM  Nº. 47,Cine-Teatro,440,13
248,CINEMAS NOS LUSOMUNDO TORRES VEDRAS - SALA 1,C.C. ARENA SHOPPING CASAL DOS AMIAIS,Cinema,201,13
249,CINEMAS NOS LUSOMUNDO TORRES VEDRAS - SALA 2,C.C. ARENA SHOPPING CASAL DOS AMIAIS,Cinema,173,13
250,CINEMAS NOS LUSOMUNDO TORRES VEDRAS - SALA 3,C.C. ARENA SHOPPING CASAL DOS AMIAIS,Cinema,73,13
251,CINEMAS NOS LUSOMUNDO TORRES VEDRAS - SALA 4,C.C. ARENA SHOPPING CASAL DOS AMIAIS,Cinema,73,13
252,CINEMAS NOS LUSOMUNDO TORRES VEDRAS - SALA 5,C.C. ARENA SHOPPING CASAL DOS AMIAIS,Cinema,201,13
253,CINE TEATRO SÃO PEDRO DE ÁGUEDA,LARGO DR ANTÓNIO BREDA Nº. 27,Cine-Teatro,687,14
254,AUDITÓRIO DO CENTRO DE ARTES DE ÁGUEDA,RUA JOAQUIM VALENTE DE ALMEIDA,Auditório,584,14
255,CAFÉ CONCERTO DO CENTRO DE ARTES DE ÁGUEDA,RUA JOAQUIM VALENTE DE ALMEIDA,Café concerto,90,14
256,CINE TEATRO ALBA - SALA PRINCIPAL,ALAMEDA 5 DE OUTUBRO,Cine-Teatro,503,14
257,CINE TEATRO ALBA - CAFÉ CONCERTO,ALAMEDA 5 DE OUTUBRO,Café concerto,60,14
258,CINE TEATRO DE ANADIA,URBANIZAÇÃO DO MONTOURO,Cine-Teatro,277,14
259,TEATRO AVEIRENSE - SALA PRINCIPAL,RUA BELÉM DO PARÁ,Cine-Teatro,603,14
260,CINEMAS NOS FORUM AVEIRO - SALA 1,FORUM AVEIRO-R HOMEM CRISTO-VERA CRUZ,Cinema,137,14
261,CINEMAS NOS FORUM AVEIRO - SALA 2,FORUM AVEIRO-R HOMEM CRISTO-VERA CRUZ,Cinema,92,14
262,CINEMAS NOS FORUM AVEIRO - SALA 3,FORUM AVEIRO-R HOMEM CRISTO-VERA CRUZ,Cinema,112,14
263,CINEMAS NOS FORUM AVEIRO - SALA 4,FORUM AVEIRO-R HOMEM CRISTO-VERA CRUZ,Cinema,142,14
264,CINEMAS NOS FORUM AVEIRO - SALA 5,FORUM AVEIRO-R HOMEM CRISTO-VERA CRUZ,Cinema,86,14
265,CINEMAS NOS FORUM AVEIRO - SALA 6,FORUM AVEIRO-R HOMEM CRISTO-VERA CRUZ,Cinema,127,14
266,CINEMAS NOS FORUM AVEIRO - SALA 7,FORUM AVEIRO-R HOMEM CRISTO-VERA CRUZ,Cinema,213,14
267,CINEMAS NOS GLICINIAS - SALA 1,CENTRO COMERCIAL DAS GLICÍNIAS - AVEIRO,Cinema,138,14
268,CINEMAS NOS GLICINIAS - SALA 2,CENTRO COMERCIAL DAS GLICÍNIAS - AVEIRO,Cinema,115,14
269,CINEMAS NOS GLICINIAS - SALA 3,CENTRO COMERCIAL DAS GLICÍNIAS - AVEIRO,Cinema,140,14
270,CINEMAS NOS GLICINIAS - SALA 4,CENTRO COMERCIAL DAS GLICÍNIAS - AVEIRO,Cinema,231,14
271,CINEMAS NOS GLICINIAS - SALA 5,CENTRO COMERCIAL DAS GLICÍNIAS - AVEIRO,Cinema,131,14
272,CINEMAS NOS GLICINIAS - SALA 6,CENTRO COMERCIAL DAS GLICÍNIAS - AVEIRO,Cinema,305,14
273,CINEMAS NOS GLICINIAS - SALA 7,CENTRO COMERCIAL DAS GLICÍNIAS - AVEIRO,Cinema,152,14
274,SALA ESTÚDIO DO TEATRO AVEIRENSE,RUA BELÉM DO PARÁ,Outras salas de espetáculos,150,14
275,SALÃO NOBRE DO TEATRO AVEIRENSE,RUA BELÉM DO PARÁ,Outras salas de espetáculos,300,14
276,CINE TEATRO DE ESTARREJA,RUA VISCONDE VALDEMOURO,Cine-Teatro,508,14
277,TEATRO DA FÁBRICA VISTA ALEGRE,LARGO DA VISTA ALEGRE,Teatro,166,14
278,AUDITÓRIO DO CENTRO CULTURAL DE ÍLHAVO,AVENIDA 25 DE ABRIL,Auditório,501,14
279,CENTRO CULTURAL DA GAFANHA DA NAZARÉ,RUA PRIOR GUERRA - GAFANHA DA NAZARÉ,Auditório,382,14
280,AUDITÓRIO DO CENTRO SÓCIO-CULTURAL DA COSTA NOVA,"AV. DE NOSSA SENHORA DA SAÚDE, COSTA NOVA - ÍLHAVO",Auditório,300,14
281,AUDITÓRIO DA CASA DA CULTURA DE OLIVEIRA DO BAIRRO,PRAÇA DO MUNICÍPIO,Auditório,438,14
282,AUDITÓRIO DO CENTRO DE ARTE DE OVAR,RUA ARQ. JANUÁRIO GODINHO,Auditório,348,14
283,ARENA DOLCE VITA,AVENIDA D. MANUEL I - ZONA INDUSTRIAL DO FURADOURO,Recinto multiusos,3600,14
284,CINEMA DO CENTRO COMERCIAL DOLCE VITA OVAR,"AVENIDA D. MANUEL I, C.C. DOLCE VITA - LOJA 31",Cinema,72,14
285,CENTRO DAS ARTES E DO ESPECTÁCULO - SEVER DO VOUGA,AVENIDA COMENDADOR AUGUSTO MARTINS PEREIRA,Auditório,323,14
286,CINE TEATRO MESSIAS,ALAMEDA DA CIDADE,Cine-Teatro,366,15
287,AUDITÓRIO DA ANTIGA CERÂMICA ARGANILENSE,RUA CIDADE DO RIO DE JANEIRO,Auditório,252,16
288,PAVILHÃO MULTIUSOS - FEBRES,COMPLEXO DESPORTIVO DE FEBRES,Recinto multiusos,500,16
289,TEATRO ACADÉMICO DE GIL VICENTE,PRAÇA DA REPÚBLICA,Teatro,768,16
290,TEATRO LOUCOMOTIVA - TAVEIRO,TAVEIRO,Outras salas de espetáculos,104,16
291,TEATRO CERCA DE SAO BERNARDO,CERCA DE SAO BERNARDO,Teatro,328,16
292,CASA DE FADOS À CAPELLA,RUA CORPO DE DEUS - LARGO DA VICTÓRIA - CAPELA Nª SRª DA VICTÓRIA,Casa de fado,50,16
293,CINEMAS NOS ALMA SHOPPING COIMBRA - SALA 1,R GEN HUMBERTO DELGADO 207,Cinema,206,16
294,CINEMAS NOS ALMA SHOPPING COIMBRA - SALA 2,R GEN HUMBERTO DELGADO 207,Cinema,115,16
295,CINEMAS NOS ALMA SHOPPING COIMBRA - SALA 3,R GEN HUMBERTO DELGADO 207,Cinema,153,16
296,CINEMAS NOS ALMA SHOPPING COIMBRA - SALA 4,R GEN HUMBERTO DELGADO 207,Cinema,152,16
297,CINEMAS NOS ALMA SHOPPING COIMBRA - SALA 5,R GEN HUMBERTO DELGADO 207,Cinema,193,16
298,CINEMAS NOS ALMA SHOPPING COIMBRA - SALA 6,R GEN HUMBERTO DELGADO 207,Cinema,98,16
299,CINEMAS NOS ALMA SHOPPING COIMBRA - SALA 7,R GEN HUMBERTO DELGADO 207,Cinema,96,16
300,CINEMAS NOS ALMA SHOPPING COIMBRA - SALA 8,R GEN HUMBERTO DELGADO 207,Cinema,126,16
301,CINEMAS NOS ALMA SHOPPING COIMBRA - SALA 9,R GEN HUMBERTO DELGADO 207,Cinema,132,16
302,CINEMAS NOS ALMA SHOPPING COIMBRA - SALA 10,R GEN HUMBERTO DELGADO 207,Cinema,134,16
303,CINEMAS FORUM COIMBRA - SALA 1,QUINTA DO VALE GEMIL,Cinema,150,16
304,CINEMAS FORUM COIMBRA - SALA 2,QUINTA DO VALE GEMIL,Cinema,220,16
305,CINEMAS FORUM COIMBRA - SALA 3,QUINTA DO VALE GEMIL,Cinema,220,16
306,CINEMAS FORUM COIMBRA - SALA 4,QUINTA DO VALE GEMIL,Cinema,306,16
307,CINEMAS FORUM COIMBRA - SALA 5,QUINTA DO VALE GEMIL,Cinema,306,16
308,CINEMAS FORUM COIMBRA - SALA 6,QUINTA DO VALE GEMIL,Cinema,306,16
309,AUDITÓRIO DO CONVENTO DE S. FRANCISCO,AVENIDA DA GUARDA INGLESA,Auditório,1137,16
310,IGREJA DO CONVENTO DE SÃO FRANCISCO,IGREJA DE SÃO FRANCISCO - FREGUESIA DE SANTA CLARA,Outras salas de espetáculos,800,16
311,CINE-TEATRO GRUPO CARAS DIREITAS,LARGO CARAS DIREITAS - BUARCOS,Cine-Teatro,375,16
312,PRAÇA DE TOIROS DA FIGUEIRA DA FOZ,LARGO DO COLISEU FIGUEIRENSE,Praça de touros,4821,16
313,CINEMA FOZ PLAZA - SALA 1,CENTRO COMERCIAL FOZ PLAZA - PATRACOL - BUARCOS,Cinema,90,16
314,CINEMA FOZ PLAZA - SALA 2,CENTRO COMERCIAL FOZ PLAZA - PATRACOL - BUARCOS,Cinema,137,16
315,CINEMA FOZ PLAZA - SALA 3,CENTRO COMERCIAL FOZ PLAZA - PATRACOL - BUARCOS,Cinema,137,16
316,CINEMA FOZ PLAZA - SALA 4,CENTRO COMERCIAL FOZ PLAZA PATRACOL - BUARCOS,Cinema,140,16
317,CINEMA FOZ PLAZA - SALA 5,CENTRO COMERCIAL FOZ PLAZA - PATRACOL - BUARCOS,Cinema,132,16
318,GRANDE AUDITÓRIO CENTRO ARTES ESPECT. FIGUEIRA FOZ,RUA ABADE PEDRO,Auditório,800,16
319,PEQUENO AUDITÓRIO CENTRO ARTES ESPECT.FIGUEIRA FOZ,RUA ABADE PEDRO,Auditório,200,16
320,AUDITÓRIO DA CASA DA CULTURA DE GÓIS,RUA COMANDANTE HENRIQUE BEBIANO BAETA NEVES,Outras salas de espetáculos,276,16
321,CINE TEATRO MUNICIPAL DA LOUSÃ,AVENIDA DR. JOSÉ MARIA CARDOSO,Cine-Teatro,500,16
322,CASA DAS ARTES DE MIRANDA DO CORVO,ALAMEDA DAS MOITAS,Outras salas de espetáculos,266,16
323,AUDITÓRIO MUNICIPAL DE TÁBUA,AVENIDA COMENDADOR COSTA CARVALHO,Auditório,286,16
324,AUDITÓRIO MUNICIPAL DE ALVAIÁZERE,RUA JUIZ CONSELHEIRO FURTADO DOS SANTOS,Auditório,154,17
325,CENTRO CULTURAL DE ANSIÃO,RUA DR. VITORINO MAGALHÃES,Outras salas de espetáculos,220,17
326,AUDITÓRIO MUNICIPAL DA BATALHA,RUA INFANTE D. FERNANDO,Auditório,178,17
327,TEATRO JOSÉ LÚCIO DA SILVA,R DR AMÉRICO CORTEZ PINTO,Cine-Teatro,729,17
328,TEATRO MIGUEL FRANCO,RUA DR. CORREIA MATEUS,Cine-Teatro,213,17
329,CINEMA CITY LEIRIA - SALA 1,RUA VIRGILIO VIEIRA DA CUNHA - PONTE DAS MESTRAS,Cinema,272,17
330,CINEMA CITY LEIRIA - SALA 2,RUA VIRGILIO VIEIRA DA CUNHA - PONTE DAS MESTRAS,Cinema,194,17
331,CINEMA CITY LEIRIA - SALA 3,RUA VIRGILIO VIEIRA DA CUNHA - PONTE DAS MESTRAS,Cinema,262,17
332,CINEMA CITY LEIRIA - SALA 4,RUA VIRGILIO VIEIRA DA CUNHA - PONTE DAS MESTRAS,Cinema,238,17
333,CINEMA CITY LEIRIA - SALA 5,RUA VIRGILIO VIEIRA DA CUNHA - PONTE DAS MESTRAS,Cinema,129,17
334,CINEMA CITY LEIRIA - SALA 6,RUA VIRGILIO VIEIRA DA CUNHA - PONTE DAS MESTRAS,Cinema,133,17
335,CINEMA CITY LEIRIA - SALA 7,RUA VIRGILIO VIEIRA DA CUNHA - PONTE DAS MESTRAS,Cinema,248,17
336,CINE PLACE LEIRIA SHOPPING - SALA 1,CENTRO COMERCIAL LEIRIA SHOPPING -  FREGUESIA DE PARCEIROS - LEIRIA,Cinema,226,17
337,CINE PLACE LEIRIA SHOPPING - SALA 2,CENTRO COMERCIAL LEIRIA SHOPPING - FREGUESIA DE PARCEIROS - LEIRIA,Cinema,211,17
338,CINE PLACE LEIRIA SHOPPING - SALA 3,CENTRO COMERCIAL LEIRIA SHOPPING - FREGUESIA DE PARCEIROS - LEIRIA,Cinema,121,17
339,CINE PLACE LEIRIA SHOPPING - SALA 4,CENTRO COMERCIAL LEIRIA SHOPPING - FREGUESIA DE PARCEIROS - LEIRIA,Cinema,97,17
340,CINE PLACE LEIRIA SHOPPING - SALA 5,CENTRO COMERCIAL LEIRIA SHOPPING - FREGUESIA DE PARCEIROS - LEIRIA,Cinema,83,17
341,CINE PLACE LEIRIA SHOPPING - SALA 6,CENTRO COMERCIAL LEIRIA SHOPPING - FREGUESIA DE PARCEIROS - LEIRIA,Cinema,103,17
342,CINE PLACE LEIRIA SHOPPING - SALA 7,CENTRO COMERCIAL LEIRIA SHOPPING - FREGUESIA DE PARCEIROS - LEIRIA,Cinema,130,17
343,CINETEATRO STEPHENS,PRAÇA STEPHENS,Cine-Teatro,413,17
344,PRAÇA DE TOIROS DE ABIUL,LARGO DA PRAÇA DE TOUROS,Praça de touros,3611,17
345,GRANDE AUDITÓRIO DO CINE TEATRO DE POMBAL,LARGO MANUEL HENRIQUES JÚNIOR,Auditório,304,17
346,PEQUENO AUDITÓRIO DO CINE TEATRO DE POMBAL,LARGO MANUEL HENRIQUES JÚNIOR,Auditório,130,17
347,CAFÉ-CONCERTO DO CINE TEATRO DE POMBAL,LARGO MANUEL HENRIQUES JÚNIOR,Café concerto,150,17
348,AUDITÓRIO CENTRO INTERPRET..BATALHA ALJUBARROTA,"AVENIDA D. NUNO ÁLVARES PEREIRA, nº.  120",Auditório,96,17
349,AUDITÓRIO MUNICIPAL DE AGUIAR DA BEIRA,AVENIDA DA LIBERDADE,Auditório,213,18
350,TEATRO REGIONAL SERRA MONTEMURO - ESPAÇO MONTEMURO,"RUA DA MOUTINHA, CAMPO BENFEITO - CASTRO DAIRE",Teatro,90,19
351,CINE TEATRO MUNICIPAL DE NELAS,NELAS,Cine-Teatro,219,19
352,CINETEATRO DR. MORGADO,AVENIDA DOS DESCOBRIMENTOS,Cine-Teatro,200,19
353,AUDITÓRIO MUNICIPAL DA CASA CULT SANTA COMBA DÃO,RUA MOUZINHO DE ALBUQUERQUE,Auditório,270,19
354,CINE TEATRO MUNICIPAL DE SÁTÃO,PRAÇA  PAULO VI,Cine-Teatro,225,19
355,AUDITÓRIO 1 NOVO CICLO / ACERT,RUA DR. RICARDO MOTA,Auditório,278,19
356,AUDITÓRIO 2 NOVO CICLO / ACERT,RUA DR. RICARDO MOTA,Auditório,116,19
357,AUDITÓRIO AR LIVRE / NOVO CICLO ACERT,RUA DR. RICARDO MOTA,Auditório,500,19
358,TEATRO VIRIATO,AVENIDA  EMÍDIO NAVARRO,Cine-Teatro,322,19
359,CINEMA FORUM VISEU - SALA 1,CENTRO COMERCIAL FORUM VISEU,Cinema,127,19
360,CINEMA FORUM VISEU - SALA 2,CENTRO COMERCIAL FORUM VISEU,Cinema,123,19
361,CINEMA FORUM VISEU - SALA 3,CENTRO COMERCIAL FORUM VISEU,Cinema,232,19
362,CINEMA FORUM VISEU - SALA 4,CENTRO COMERCIAL FORUM VISEU,Cinema,125,19
363,CINEMA FORUM VISEU - SALA 5,CENTRO COMERCIAL FORUM VISEU,Cinema,125,19
364,CINEMA FORUM VISEU - SALA 6,CENTRO COMERCIAL FORUM VISEU,Cinema,176,19
365,CINEMAS NOS PALÁCIO DO GELO - SALA 1,"PALÁCIO DO GELO SHOPPING, RUA DO PALÁCIO DO GELO N.º 3",Cinema,218,19
366,CINEMAS NOS PALÁCIO DO GELO - SALA 2,"PALÁCIO DO GELO SHOPPING, RUA DO PALÁCIO DO GELO N.º 3",Cinema,112,19
367,CINEMAS NOS PALÁCIO DO GELO - SALA 3,"PALÁCIO DO GELO SHOPPING, RUA DO PALÁCIO DO GELO N.º 3",Cinema,112,19
368,CINEMAS NOS PALÁCIO DO GELO - SALA 4,"PALÁCIO DO GELO SHOPPING, RUA DO PALÁCIO DO GELO N.º 3",Cinema,111,19
369,CINEMAS NOS PALÁCIO DO GELO - SALA 5,"PALÁCIO DO GELO SHOPPING, RUA DO PALÁCIO DO GELO N.º 3",Cinema,188,19
370,CINEMAS NOS PALÁCIO DO GELO - SALA 6,"PALÁCIO DO GELO SHOPPING, RUA DO PALÁCIO DO GELO N.º 3",Cinema,156,19
371,CINE TEATRO JOÃO RIBEIRO,R COMENDADOR CORREIA OLIVEIRA,Cine-Teatro,176,19
372,GRANDE AUDITÓRIO CINE-TEATRO AVENIDA,AVENIDA GENERAL HUMBERTO DELGADO,Auditório,700,20
373,PEQUENO AUDITÓRIO CINE-TEATRO AVENIDA,AVENIDA GENERAL HUMBERTO DELGADO,Auditório,120,20
374,AUDITÓRIO DO CENTRO CULTURAL DE ALCAINS,RUA DR VICENTE SANCHES,Auditório,227,20
375,AUDITÓRIO INST. PORTUGUÊS JUVENTUDE CASTELO BRANCO,RUA DR. FRANCISCO J. PALMEIRO,Auditório,100,20
376,CINEMAS CINEBOX DE CASTELO BRANCO - SALA 1,RUA A ZONA INDUSTRIAL DE CASTELO BRANCO - CENTRO COMERCIAL ALEGRO,Cinema,152,20
377,CINEMAS CINEBOX DE CASTELO BRANCO - SALA 2,RUA A ZONA INDUSTRIAL DE CASTELO BRANCO - CENTRO COMERCIAL ALEGRO,Cinema,91,20
378,CINEMAS CINEBOX DE CASTELO BRANCO - SALA 3,RUA A ZONA INDUSTRIAL DE CASTELO BRANCO - CENTRO COMERCIAL ALEGRO,Cinema,88,20
379,PRAÇA DE TOIROS ANTÓNIO MANZARRA DE IDANHA-A-NOVA,RUA DO TINTO - ALTO DO FERREIRO,Praça de touros,2091,20
380,AUDITÓRIO JOAQUIM MORÃO DO CENTRO CULTURAL RAIANO,AVENIDA. JOAQUIM MORÃO,Auditório,260,20
381,AUDITÓRIO DA CÂMARA MUNICIPAL DE PROENÇA-A-NOVA,RUA MANUEL MARTINS DE ÉVORA,Auditório,162,20
382,AUDITÓRIO DA CASA DAS ARTES E CULTURA DO TEJO,RUA DE SANTANA,Auditório,220,20
383,CINE TEATRO TASSO,"LARGO DR JOSÉ CARLOS ERNARDT, 3",Cine-Teatro,165,21
384,CASA DO ESPECTÁCULO E DA CULTURA DA SERTÃ,ALAMEDA DA CARVALHA,Outras salas de espetáculos,240,21
385,CINE TEATRO SÃO PEDRO,LARGO DE SÃO PEDRO,Cine-Teatro,472,22
386,CINE-TEATRO S. PEDRO,RUA 25 DE ABRIL,Cine-Teatro,304,22
387,AUDITÓRIO MUNICIPAL DO ENTRONCAMENTO,RUA DOM JOÃO DE CASTRO  30 A 34,Auditório,121,22
388,CINE-TEATRO IVONE SILVA,RUA MANUEL ANTÓNIO DIAS FERREIRA,Cine-Teatro,155,22
389,AUDITÓRIO DO CENTRO CULTURAL FERREIRA DO ZÊZERE,RUA FERREIRA DO ALENTEJO,Auditório,298,22
390,AUDITÓRIO DO CENTRO CULTURAL GIL VICENTE,AVENIDA D. JOÃO III,Auditório,202,22
391,CINE TEATRO PARAÍSO,R DA INFANTARIA 15-31,Cine-Teatro,410,22
392,PRAÇA DE TOIROS JOSÉ SALVADOR - TOMAR,RUA  DE  COIMBRA,Praça de touros,4462,22
393,TEATRO VIRGÍNIA,EDIFICIO VIRGINIA - LARGO JOSÉ  LOPES DOS SANTOS,Cine-Teatro,599,22
394,CINEMAS TORRESHOPPING - SALA 1,"CENTRO COMERCIAL TORRESHOPPING, BAIRRO DO NICHO",Cinema,142,22
395,CINEMAS TORRESHOPPING - SALA 2,"CENTRO COMERCIAL TORRESHOPPING, BAIRRO DO NICHO",Cinema,87,22
396,CINEMAS TORRESHOPPING - SALA 3,"CENTRO COMERCIAL TORRESHOPPING, BAIRRO DO NICHO",Cinema,143,22
397,TEATRO MARIA NOÉMIA,RUA DA TUNA - MEIA VIA,Teatro,99,22
398,PRAÇA DE TOIROS DE VILA NOVA DA BARQUINHA,VILA NOVA DA BARQUINHA,Praça de touros,3580,22
399,CINE-TEATRO MUNICIPAL DE OURÉM,RUA  DR. FRANCISCO SÁ CARNEIRO,Cine-Teatro,488,22
400,CINEPLACE SERRA SHOPPING - SALA 1,SERRA SHOPPING - QUINTA DO PINHEIRO,Cinema,200,23
401,CINEPLACE SERRA SHOPPING - SALA 2,SERRA SHOPPING - QUINTA DO PINHEIRO,Cinema,183,23
402,CINEPLACE SERRA SHOPPING - SALA 3,SERRA SHOPPING - QUINTA DO PINHEIRO,Cinema,119,23
403,CINEPLACE SERRA SHOPPING - SALA 4,SERRA SHOPPING - QUINTA DO PINHEIRO,Cinema,91,23
404,PRAÇA DE TOIROS DE NAVE DE HAVER,NAVE DE HAVER,Praça de touros,2000,24
405,AUDITÓRIO DA ÁREA MULTIUSOS DE VILAR FORMOSO,VIA ESTRUTURANTE,Auditório,198,24
406,CENTRO CULTURAL DE CELORICO DA BEIRA,AVENIDA DA CORREDOURA,Outras salas de espetáculos,250,24
407,TEATRO CINE DE GOUVEIA,AVENIDA 1.º DE MAIO,Cine-Teatro,344,24
408,AUDITÓRIO DO EDIFÍCIO CULTURAL EM GONÇALO,URBANIZAÇÃO SERRADO SOL,Auditório,195,24
409,SALA POLIVALENTE DO CENTRO CÍVICO E SOCIAL DE MEDA,AVENIDA CIDADE NOVA - BAIRRO DO BARROCAL,Outras salas de espetáculos,400,24
410,PRAÇA DE TOIROS DE ALDEIA DA PONTE,ALDEIA DA PONTE,Praça de touros,4586,24
411,CINE TEATRO JARDIM DA CASA MUNICIPAL DA CULTURA,AVENIDA LUÍS VAZ DE CAMÕES,Cine-Teatro,348,24
412,CINEMA ATLÂNTIDA CINE - SALA 1,RUA DR MANUEL ARRIAGA-CENTRO COMERCIAL DE CARCAVELOS,Cinema,211,25
413,CINEMA ATLÂNTIDA CINE - SALA 2,RUA DR MANUEL ARRIAGA-CENTRO COMERCIAL DE CARCAVELOS,Cinema,83,25
414,TEATRO MUNICIPAL MIRITA CASIMIRO,AVENIDA FAUSTO DE FIGUEIREDO - ESTORIL,Teatro,98,25
415,CINEMAS CASCAISHOPPING - SALA 1,CENTRO COMERCIAL CASCAISHOPPING-ALCABIDECHE,Cinema,177,25
416,CINEMAS CASCAISHOPPING - SALA 2,CENTRO COMERCIAL CASCAISHOPPING-ALCABIDECHE,Cinema,137,25
417,CINEMAS CASCAISHOPPING - SALA 3,CENTRO COMERCIAL CASCAISHOPPING-ALCABIDECHE,Cinema,182,25
418,CINEMAS CASCAISHOPPING - SALA 4,CENTRO COMERCIAL CASCAISHOPPING-ALCABIDECHE,Cinema,201,25
419,CINEMAS CASCAISHOPPING - SALA 5,CENTRO COMERCIAL CASCAISHOPPING-ALCABIDECHE,Cinema,469,25
420,CINEMAS CASCAISHOPPING - SALA 6,CENTRO COMERCIAL CASCAISHOPPING-ALCABIDECHE,Cinema,99,25
421,CINEMAS CASCAISHOPPING - SALA 7,CENTRO COMERCIAL CASCAISHOPPING-ALCABIDECHE,Cinema,99,25
422,AUDITÓRIO CENTRO DE CONGRESSOS DO ESTORIL,AVENIDA AMARAL / AVENIDA CLOTILDE - ESTORIL,Auditório,573,25
423,AUDITÓRIO DO CASINO DO ESTORIL,PRAÇA JOSÉ TEODORO DOS SANTOS - ESTORIL,Auditório,385,25
424,SALÃO PRETO E PRATA DO CASINO DO ESTORIL,PRAÇA JOSÉ TEODORO DOS SANTOS - ESTORIL,Outras salas de espetáculos,927,25
425,WONDER BAR - CASINO DO ESTORIL,PRAÇA JOSÉ TEODORO DOS SANTOS - ESTORIL,Outras salas de espetáculos,200,25
426,GARDEN - CASINO ESTORIL,PC JOSÉ TEODORO DO SANTOS,Outras salas de espetáculos,500,25
427,CINEMA CASCAIS VILLA-SHOPPING CENTER - SALA 1,AVENIDA DOM PEDRO I,Cinema,138,25
428,CINEMA CASCAIS VILLA-SHOPPING CENTER - SALA 2,AVENIDA DOM PEDRO I,Cinema,71,25
429,CINEMA CASCAIS VILLA-SHOPPING CENTER - SALA 3,AVENIDA DOM PEDRO I,Cinema,85,25
430,CINEMA CASCAIS VILLA-SHOPPING CENTER - SALA 4,AVENIDA DOM PEDRO I,Cinema,87,25
431,CINEMA CASCAIS VILLA-SHOPPING CENTER - SALA 5,AVENIDA DOM PEDRO I,Cinema,142,25
432,AUDITÓRIO SENHORA DA BOA NOVA,"RUA CAMPO SANTO, N.º 441 SÃO JOÃO DO ESTORIL",Auditório,612,25
433,TEATRO VILLARET,AV FONTES PEREIRA DE MELO 30,Teatro,324,25
434,TEATRO DA TRINDADE-SALA PRINCIPAL (EÇA DE QUEIRÓS),RUA DA TRINDADE,Teatro,453,25
435,SALA ESTÚDIO DO TEATRO DA TRINDADE,RUA DA TRINDADE,Teatro,50,25
436,TEATRO BAR DO TEATRO DA TRINDADE,RUA DA TRINDADE,Café concerto,50,25
437,CINEMA IDEAL,RUA DO LORETO  15,Cinema,192,25
438,CINE TEATRO CAPITÓLIO - TEATRO RAUL SOLNADO,PARQUE MAYER - AV DA LIBERDADE - LISBOA,Cine-Teatro,1200,25
439,TERRAÇO DO CINE TEATRO CAPITÓLIO,PARQUE MAYER-AV DA LIBERDADE,Cine-Teatro,280,25
440,CINEARTE - SALA 1,LARGO DE SANTOS  2,Cine-Teatro,162,25
441,CINEBOLSO,RUA ACTOR TABORDA  27B,Cinema,136,25
442,COLISEU DOS RECREIOS,RUA DAS PORTAS DE SANTO ANTÃO 94 A 98,Coliseu,4220,25
443,CINE-TEATRO DA ENCARNAÇÃO,RUA DA QUINTA DE STA MARIA-BAIRRO ENCARNAÇÃO,Cine-Teatro,364,25
444,SALA ESTÚDIO OS PAPA LÉGUAS,RUA PROFESSOR SANTOS LUCAS 36 A,Teatro,40,25
445,CINEMA NIMAS,AV 5 DE OUTUBRO 42B,Cinema,221,25
446,AUDITÓRIO CARLOS PAREDES,AVENIDA GOMES PEREIRA  17,Auditório,116,25
447,TEATRO POLITEAMA,RUA DAS PORTAS DE SANTO ANTÃO  109,Cine-Teatro,700,25
448,TEATRO TURIM,ESTRADA DE BENFICA  723A,Teatro,105,25
449,TEATRO MUNICIPAL SÃO LUIZ-SALA LUIS MIGUEL CINTRA,RUA ANTÓNIO MARIA CARDOSO,Teatro,690,25
450,JARDIM DE INVERNO DO TEATRO SÃO LUIZ,RUA ANTÓNIO MARIA CARDOSO,Outras salas de espetáculos,170,25
451,TEATRO TIVOLI BBVA,AVENIDA DA LIBERDADE  188,Cine-Teatro,1088,25
452,SÓTÃO DO TEATRO TIVOLI BBVA,AVENIDA DA LIBERDADE  188,Cine-Teatro,330,25
453,CINEMA SÃO JORGE (SALA MANOEL DE OLIVEIRA) SALA 1,AVENIDA DA LIBERDADE 175,Cinema,830,25
454,CINEMA SÃO JORGE (SALA MONTEPIO) SALA 2,AVENIDA DA LIBERDADE 175,Cinema,250,25
455,CINEMA SÃO JORGE - SALA 3,AVENIDA DA LIBERDADE 175,Cinema,185,25
456,CINEMA AMOREIRAS - SALA 1,AV ENG DUARTE PACHECO-CENTRO COMERCIAL AMOREIRAS,Cinema,196,25
457,CINEMA AMOREIRAS - SALA 2,AV ENG DUARTE PACHECO-CENTRO COMERCIAL AMOREIRAS,Cinema,154,25
458,CINEMA AMOREIRAS - SALA 3,AV ENG DUARTE PACHECO-CENTRO COMERCIAL AMOREIRAS,Cinema,156,25
459,CINEMA AMOREIRAS - SALA VIP 1,AV ENG DUARTE PACHECO-CENTRO COMERCIAL AMOREIRAS,Cinema,55,25
460,CINEMA AMOREIRAS - SALA VIP 2,AV ENG DUARTE PACHECO-CENTRO COMERCIAL AMOREIRAS,Cinema,68,25
461,CINEMA AMOREIRAS - SALA VIP 3,AV ENG DUARTE PACHECO-CENTRO COMERCIAL AMOREIRAS,Cinema,65,25
462,CINEMA AMOREIRAS - SALA VIP 4,AV ENG DUARTE PACHECO-CENTRO COMERCIAL AMOREIRAS,Cinema,64,25
463,CAIXA ECONÓMICA OPERÁRIA-SEDE,RUA VOZ DO OPERÁRIO  58-66,Outras salas de espetáculos,150,25
464,SALA DE TEATRO DO CLUBE ESTEFÂNIA,RUA ALEXANDRE BRAGA  24A,Outras salas de espetáculos,127,25
465,PRAÇA DE TOIROS CAMPO PEQUENO - RECINTO MULTIUSOS,CAMPO PEQUENO,Praça de touros multiusos,9269,25
466,RESTAURANTE TAVERNA D'EL REY,LARGO DO CHAFARIZ DE DENTRO 15,Casa de fado,49,25
467,O FORCADO,RUA DA ROSA 221,Casa de fado,170,25
468,CASA DE FADOS ADEGA MACHADO,RUA DO NORTE 91,Casa de fado,172,25
469,CASA DE FADOS O FAIA,RUA DA BARROCA 48-56,Casa de fado,120,25
470,CASA DE FADOS CAFÉ LUSO,TRAVESSA DA QUEIMADA 10,Casa de fado,160,25
471,RESTAURANTE TÍPICO A SEVERA,RUA DAS GÁVEAS 51-61,Casa de fado,120,25
472,RESTAURANTE TÍPICO TIMPANAS,RUA GILBERTO ROLA 22-24,Casa de fado,157,25
473,HOT CLUBE DE PORTUGAL,PRAÇA DA ALEGRIA  48,Outras salas de espetáculos,140,25
474,SOCIEDADE DE INSTRUÇÃO GUILHERME COSSOUL,AVENIDA DOM CARLOS I  61  1º,Outras salas de espetáculos,70,25
475,CASA DE FADOS SENHOR VINHO,RUA DO MEIO À LAPA 18-22,Casa de fado,120,25
476,CASA DA COMÉDIA,RUA SÃO FRANCISCO DE BORJA  22,Teatro,60,25
477,TEATRO MARIA VITÓRIA,PARQUE MAYER,Teatro,592,25
478,TEATRO MUNICIPAL MARIA MATOS,AVENIDA FREI MIGUEL CONTREIRAS,Teatro,447,25
479,CAFÉ CONCERTO DO TEATRO MUNICIPAL MARIA MATOS,AVENIDA FREI MIGUEL CONTREIRAS,Café concerto,80,25
480,AUDITÓRIO PHILIPPE FRIEDMAN,AVENIDA LUIS BIVAR  91,Auditório,271,25
481,TEATRO COMUNA - SALA NOVA,PRAÇA DE ESPANHA,Teatro,123,25
482,TEATRO COMUNA - SALA DAS NOVAS TENDÊNCIAS,PRAÇA DE ESPANHA,Teatro,104,25
483,CAFÉ CONCERTO - TEATRO COMUNA,PRAÇA DE ESPANHA,Café concerto,180,25
484,CINEMA MONUMENTAL - SALA 1,CENTRO COMERCIAL MONUMENTAL-AV PRAIA DA VITÓRIA 71,Cinema,164,25
485,CINEMA MONUMENTAL - SALA 2,CENTRO COMERCIAL MONUMENTAL-AV PRAIA DA VITÓRIA 71,Cinema,121,25
486,CINEMA MONUMENTAL - SALA 3,CENTRO COMERCIAL MONUMENTAL-AV PRAIA DA VITÓRIA 71,Cinema,123,25
487,CINE TEATRO MONUMENTAL - SALA 4,CENTRO COMERCIAL MONUMENTAL-AV PRAIA DA VITÓRIA 71,Cine-Teatro,374,25
488,GRANDE AUDITÓRIO DA FUNDAÇÃO CALOUSTE GULBENKIAN,AVENIDA DE BERNA  45A,Auditório,1228,25
489,AUDITÓRIO 2 DA FUNDAÇÃO CALOUSTE GULBENKIAN,AVENIDA DE BERNA  45A,Auditório,345,25
490,AUDITÓRIO 3 DA FUNDAÇÃO CALOUSTE GULBENKIAN,AVENIDA DE BERNA  45A,Auditório,133,25
491,AUDITÓRIO DO CENTRO DE ARTE MODERNA GULBENKIAN,AVENIDA DE BERNA  45A,Auditório,143,25
492,ÁTRIO DA BIBL E MUSEU DA FUND CALOUSTE GULBENKIAN,AVENIDA DE BERNA  45A,Outras salas de espetáculos,140,25
493,ANFITEATRO AO AR LIVRE DA FUND CALOUSTE GULBENKIAN,AVENIDA DE BERNA  45A,Anfiteatro ao ar livre,1200,25
494,TEATRO NACIONAL D MARIA II - SALA GARRETT,PRAÇA DOM PEDRO IV (ROSSIO),Teatro,444,25
495,TEATRO NACIONAL D MARIA II-SALA DE ENSAIOS PISO 0,PRAÇA DOM PEDRO IV (ROSSIO),Teatro,91,25
496,TEATRO DO BAIRRO ALTO - CORNUCÓPIA,RUA TENENTE RAUL CASCAIS  1A,Teatro,121,25
497,TEATRO TABORDA,COSTA DO CASTELO  75,Teatro,150,25
498,GRANDE AUDITÓRIO DA CULTURGEST,AVENIDA JOÃO XXI  63,Auditório,640,25
499,PEQUENO AUDITÓRIO DA CULTURGEST,AVENIDA JOÃO XXI  63,Auditório,147,25
500,GRANDE AUDITÓRIO DO CENTRO CULTURAL DE BELÉM,PRAÇA DO IMPÉRIO,Auditório,1503,25
501,PEQUENO AUDITÓRIO C C BELÉM (SALA ED.PRADO COELHO),PRAÇA DO IMPÉRIO,Auditório,351,25
502,SALA BLACK BOX DO CENTRO CULTURAL DE BELÉM,PRAÇA DO IMPÉRIO,Teatro,70,25
503,SALA SOFIA DE MELLO BREYNER ANDRESEN - CCB,PÇ DO IMPÉRIO,Outras salas de espetáculos,233,25
504,SALA ALMADA NEGREIROS - CCB,PÇ DO IMPÉRIO,Outras salas de espetáculos,278,25
505,SALA FERNANDO PESSOA - CCB,PÇ DO IMPÉRIO,Outras salas de espetáculos,194,25
506,FOYER DO GRANDE AUDITÓRIO - CCB,PÇ DO IMPÉRIO,Outras salas de espetáculos,227,25
507,SALA LUIS DE FREITAS BRANCO - CCB,PÇ DO IMPÉRIO,Outras salas de espetáculos,233,25
508,TEATRO NACIONAL DE SÃO CARLOS,RUA SERPA PINTO  9,Teatro,956,25
509,SALÃO NOBRE DO TEATRO NACIONAL DE SÃO CARLOS,RUA SERPA PINTO  9,Teatro,150,25
510,FOYER DO TEATRO NACIONAL DE SÃO CARLOS,RUA SERPA PINTO  9,Teatro,100,25
511,CINEMAS COLOMBO - SALA 1,CENTRO COMERCIAL COLOMBO-AVENIDA DOS LUSÍADAS,Cinema,237,25
512,CINEMAS COLOMBO - SALA 2,CENTRO COMERCIAL COLOMBO-AVENIDA DOS LUSÍADAS,Cinema,88,25
513,CINEMAS COLOMBO - SALA 3,CENTRO COMERCIAL COLOMBO-AVENIDA DOS LUSÍADAS,Cinema,239,25
514,CINEMAS COLOMBO - SALA 4,CENTRO COMERCIAL COLOMBO-AVENIDA DOS LUSÍADAS,Cinema,362,25
515,CINEMAS COLOMBO - SALA 5,CENTRO COMERCIAL COLOMBO-AVENIDA DOS LUSÍADAS,Cinema,362,25
516,CINEMAS COLOMBO - SALA 6,CENTRO COMERCIAL COLOMBO-AVENIDA DOS LUSÍADAS,Cinema,275,25
517,CINEMAS COLOMBO - SALA 7,CENTRO COMERCIAL COLOMBO-AVENIDA DOS LUSÍADAS,Cinema,99,25
518,CINEMAS COLOMBO - SALA 8,CENTRO COMERCIAL COLOMBO-AVENIDA DOS LUSÍADAS,Cinema,260,25
519,CINEMAS COLOMBO - SALA IMAX,CENTRO COMERCIAL COLOMBO-AVENIDA DOS LUSÍADAS,Cinema,374,25
520,CINE-TEATRO GYMNASIUM,RUA DA MISERICÓRDIA 12 2º,Cine-Teatro,198,25
521,TEATRO DA POLITÉCNICA,RUA DA ESCOLA POLITÉCNICA,Teatro,68,25
522,TEATRO IBÉRICO,RUA DE XABREGAS  54,Teatro,169,25
523,SALA ATLÂNTICO DO MEO ARENA,PARQUE DAS NAÇÕES,Recinto multiusos,20000,25
524,SALA TEJO DO MEO ARENA,PARQUE DAS NAÇÕES,Recinto multiusos,4000,25
525,TEATRO CAMÕES,PASSEIO DE NEPTUNO EXPO,Teatro,1000,25
526,AUDITÓRIO DOS OCEANOS DO CASINO DE LISBOA,ALAMEDA DOS OCEANOS LOTE 1.03.1- PARQUE DAS NAÇÕES,Auditório,634,25
527,CINEMAS VASCO DA GAMA - SALA 1,CENTRO COMERCIAL VASCO DA GAMA-PARQUE DAS NAÇÕES,Cinema,141,25
528,CINEMAS VASCO DA GAMA - SALA 2,CENTRO COMERCIAL VASCO DA GAMA-PARQUE DAS NAÇÕES,Cinema,118,25
529,CINEMAS VASCO DA GAMA - SALA 3,CENTRO COMERCIAL VASCO DA GAMA-PARQUE DAS NAÇÕES,Cinema,80,25
530,CINEMAS VASCO DA GAMA - SALA 4,CENTRO COMERCIAL VASCO DA GAMA-PARQUE DAS NAÇÕES,Cinema,267,25
531,CINEMAS VASCO DA GAMA - SALA 5,CENTRO COMERCIAL VASCO DA GAMA-PARQUE DAS NAÇÕES,Cinema,267,25
532,CINEMAS VASCO DA GAMA - SALA 6,CENTRO COMERCIAL VASCO DA GAMA-PARQUE DAS NAÇÕES,Cinema,94,25
533,TEATRO ARMANDO CORTEZ,ESTRADA DA PONTINHA  7,Auditório,304,25
534,TEATRO ABERTO - SALA AZUL,PRAÇA DE ESPANHA,Teatro,418,25
535,TEATRO ABERTO - SALA VERMELHA,PRAÇA DE ESPANHA,Teatro,149,25
536,CHAPITÔ,RUA COSTA DO CASTELO  7,Outras salas de espetáculos,70,25
537,CINEMA UCI / EL CORTE INGLÊS - SALA 1,AVENIDA ANTÓNIO AUGUSTO DE AGUIAR 31,Cinema,116,25
538,CINEMA UCI / EL CORTE INGLÊS - SALA 2,AVENIDA ANTÓNIO AUGUSTO DE AGUIAR 31,Cinema,146,25
539,CINEMA UCI / EL CORTE INGLÊS - SALA 3,AVENIDA ANTÓNIO AUGUSTO DE AGUIAR 31,Cinema,146,25
540,CINEMA UCI / EL CORTE INGLÊS - SALA 4,AVENIDA ANTÓNIO AUGUSTO DE AGUIAR 31,Cinema,146,25
541,CINEMA UCI / EL CORTE INGLÊS - SALA 5,AVENIDA ANTÓNIO AUGUSTO DE AGUIAR 31,Cinema,178,25
542,CINEMA UCI / EL CORTE INGLÊS - SALA 6,AVENIDA ANTÓNIO AUGUSTO DE AGUIAR 31,Cinema,246,25
543,CINEMA UCI / EL CORTE INGLÊS - SALA 7,AVENIDA ANTÓNIO AUGUSTO DE AGUIAR 31,Cinema,95,25
544,CINEMA UCI / EL CORTE INGLÊS - SALA 8,AVENIDA ANTÓNIO AUGUSTO DE AGUIAR 31,Cinema,133,25
545,CINEMA UCI / EL CORTE INGLÊS - SALA 9,AVENIDA ANTÓNIO AUGUSTO DE AGUIAR 31,Cinema,407,25
546,CINEMA UCI / EL CORTE INGLÊS - SALA 10,AVENIDA ANTÓNIO AUGUSTO DE AGUIAR 31,Cinema,140,25
547,CINEMA UCI / EL CORTE INGLÊS - SALA 11,AVENIDA ANTÓNIO AUGUSTO DE AGUIAR 31,Cinema,151,25
548,CINEMA UCI / EL CORTE INGLÊS - SALA 12,AVENIDA ANTÓNIO AUGUSTO DE AGUIAR 31,Cinema,378,25
549,CINEMA UCI / EL CORTE INGLÊS - SALA 13,AVENIDA ANTÓNIO AUGUSTO DE AGUIAR 31,Cinema,237,25
550,CINEMA UCI / EL CORTE INGLÊS - SALA 14,AVENIDA ANTÓNIO AUGUSTO DE AGUIAR 31,Cinema,179,25
551,CINEMA CITY CLASSIC ALVALADE - SALA 1,AVENIDA DE ROMA 100,Cinema,91,25
552,CINEMA CITY CLASSIC ALVALADE - SALA 2,AVENIDA DE ROMA 100,Cinema,102,25
553,CINEMA CITY CLASSIC ALVALADE - SALA 3,AVENIDA DE ROMA 100,Cinema,114,25
554,CINEMA CITY CLASSIC ALVALADE - SALA 4,AVENIDA DE ROMA 100,Cinema,82,25
555,LOBBY FOYER DO CINEMA CITY CLASSIC ALVALADE,AVENIDA DE ROMA 100,Outras salas de espetáculos,50,25
556,CINEMATECA - SALA DR.FÉLIX RIBEIRO,RUA BARATA SALGUEIRO 39,Cinema,227,25
557,CINEMATECA - SALA LUÍS DE PINA,RUA BARATA SALGUEIRO 39,Cinema,47,25
558,CINEMATECA JÚNIOR / CINEMA PALÁCIO FOZ,PALÁCIO FOZ - PRAÇA DOS RESTAURADORES,Cinema,124,25
559,TEATRO ESTUDIO MÁRIO VIEGAS,RUA ANTÓNIO MARIA CARDOSO,Teatro,108,25
560,AUDITÓRIO DO MUSEU DO ORIENTE,AVENIDA BRASÍLIA - DOCA DE ALCÂNTARA NORTE,Auditório,356,25
561,AUDITÓRIO DA BIBLIOTECA MUNICIPAL ORLANDO RIBEIRO,ANTIGO SOLAR DA NORA - ESTRADA DE TELHEIRAS,Auditório,142,25
562,CINEMAS ALVALÁXIA - SALA 1,ALVALÁXIA-SHOPPING & LAZER - RUA FRANCISCO STROMP,Cinema,270,25
563,CINEMAS ALVALÁXIA - SALA 2,ALVALÁXIA-SHOPPING & LAZER - RUA FRANCISCO STROMP,Cinema,270,25
564,CINEMAS ALVALÁXIA - SALA 3,ALVALÁXIA-SHOPPING & LAZER - RUA FRANCISCO STROMP,Cinema,344,25
565,CINEMAS ALVALÁXIA - SALA 4,ALVALÁXIA-SHOPPING & LAZER - RUA FRANCISCO STROMP,Cinema,330,25
566,CINEMAS ALVALÁXIA - SALA 5,ALVALÁXIA-SHOPPING & LAZER - RUA FRANCISCO STROMP,Cinema,191,25
567,CINEMAS ALVALÁXIA - SALA 6,ALVALÁXIA-SHOPPING & LAZER - RUA FRANCISCO STROMP,Cinema,191,25
568,CINEMAS ALVALÁXIA - SALA 7,ALVALÁXIA-SHOPPING & LAZER - RUA FRANCISCO STROMP,Cinema,270,25
569,CINEMAS ALVALÁXIA - SALA 8,ALVALÁXIA-SHOPPING & LAZER - RUA FRANCISCO STROMP,Cinema,270,25
570,CINEMAS ALVALÁXIA - SALA 9,ALVALÁXIA-SHOPPING & LAZER - RUA FRANCISCO STROMP,Cinema,50,25
571,CINEMAS ALVALÁXIA - SALA 10,ALVALÁXIA-SHOPPING & LAZER - RUA FRANCISCO STROMP,Cinema,50,25
572,CINEMAS ALVALÁXIA - SALA 11,ALVALÁXIA-SHOPPING & LAZER - RUA FRANCISCO STROMP,Cinema,50,25
573,CINEMAS ALVALÁXIA - SALA 12,ALVALÁXIA-SHOPPING & LAZER - RUA FRANCISCO STROMP,Cinema,50,25
574,TEATRO DO PRINCIPE REAL D. LUIS FILIPE DE BRAGANÇA,LARGO DA LUZ - BENFICA,Teatro,178,25
575,AUDITÓRIO CAMÕES,PRAÇA JOSÉ FONTANA,Auditório,197,25
576,CASA DE FADOS GUITARRAS DE LISBOA,BECO DO MELO 1  JARDIM DO TABACO,Casa de fado,44,25
577,CINEMA CITY CAMPO PEQUENO - SALA 1,CENTRO DE LAZER - CAMPO PEQUENO,Cinema,124,25
578,CINEMA CITY CAMPO PEQUENO - SALA 2,CENTRO DE LAZER - CAMPO PEQUENO,Cinema,268,25
579,CINEMA CITY CAMPO PEQUENO - SALA 3,CENTRO DE LAZER - CAMPO PEQUENO,Cinema,189,25
580,CINEMA CITY CAMPO PEQUENO - SALA 4,CENTRO DE LAZER - CAMPO PEQUENO,Cinema,198,25
581,CINEMA CITY CAMPO PEQUENO - SALA 5,CENTRO DE LAZER - CAMPO PEQUENO,Cinema,94,25
582,CINEMA CITY CAMPO PEQUENO - SALA 6,CENTRO DE LAZER - CAMPO PEQUENO,Cinema,107,25
583,CINEMA CITY CAMPO PEQUENO - SALA 7,CENTRO DE LAZER - CAMPO PEQUENO,Cinema,94,25
584,CINEMA CITY CAMPO PEQUENO - SALA 8,CENTRO DE LAZER - CAMPO PEQUENO,Cinema,105,25
585,ARENA LOUNGE DO CASINO DE LISBOA,PARQUE DAS NAÇÕES,Outras salas de espetáculos,700,25
586,TEATRO BOCAGE,RUA MANUEL SOARES GUEDES  13A,Teatro,123,25
587,TEATRO ESTRELA HALL,RUA DA ESTRELA  10,Teatro,104,25
588,CLUBE DE FADO,RUA SÃO JOÃO DA PRAÇA 92,Casa de fado,88,25
589,AUDITÓRIO INSTITUTO PORTUGUÊS JUVENTUDE (LISBOA),RUA DE MOSCAVIDE  LOTE 47,Auditório,158,25
590,TEATRO MERIDIONAL,RUA DO AÇUCAR  64 / BECO DA MITRA,Teatro,82,25
591,AUDITÓRIO CENTRO CULTURAL POLO TECNOLÓGICO LUMIAR,ESTRADA DO PAÇO DO LUMIAR  44,Auditório,484,25
592,TEATRO DO BAIRRO,RUA LUZ SORIANO  67A,Teatro,110,25
593,BELÉM CLUBE - Nova Sede,"RUA DA JUNQUEIRA, 243-A",Outras salas de espetáculos,100,25
594,PAVILHÃO MULTIUSOS JOÃO ROCHA,RUA FRANCISCO STROMP,Recinto multiusos,3003,25
595,ESPAÇO LISBOA AO VIVO,"PRACETA DAVID LEANDRO, 17 - 17 A",Outras salas de espetáculos,700,25
596,TEATRO THALIA,"ESTRADA DAS LARANJEIRAS, 211",Teatro,199,25
597,CINE PLACE LOURES SHOPPING - SALA 1,QUINTA DO INFANTADO,Cinema,237,25
598,CINE PLACE LOURES SHOPPING - SALA 2,QUINTA DO INFANTADO,Cinema,125,25
599,CINE PLACE LOURES SHOPPING - SALA 3,QUINTA DO INFANTADO,Cinema,119,25
600,CINE PLACE LOURES SHOPPING - SALA 4,QUINTA DO INFANTADO,Cinema,127,25
601,CINE PLACE LOURES SHOPPING - SALA 5,QUINTA DO INFANTADO,Cinema,304,25
602,CINE PLACE LOURES SHOPPING - SALA 6,QUINTA DO INFANTADO,Cinema,323,25
603,CINE PLACE LOURES SHOPPING - SALA 7,QUINTA DO INFANTADO,Cinema,77,25
604,AUDITÓRIO BEATRIZ COSTA,AV 25 DE ABRIL,Auditório,201,25
605,AUDITÓRIO MUNICIPAL EUNICE MUNOZ,RUA MESTRE DE AVIZ,Auditório,263,25
606,TEATRO MUNICIPAL AMÉLIA REY COLAÇO,RUA EDUARDO AUGUSTO PEDROSO Nº. 16 - A   ALGÉS,Teatro,75,25
607,CINEMA DOLCE VITA MIRAFLORES - SALA 1,AVENIDA DAS TULIPAS - MIRAFLORES,Cinema,94,25
608,CINEMA DOLCE VITA MIRAFLORES - SALA 2,AVENIDA DAS TULIPAS - MIRAFLORES,Cinema,76,25
609,CINEMA DOLCE VITA MIRAFLORES - SALA 3,AVENIDA DAS TULIPAS - MIRAFLORES,Cinema,93,25
610,CINEMA DOLCE VITA MIRAFLORES - SALA 4,AVENIDA DAS TULIPAS - MIRAFLORES,Cinema,88,25
611,AUDITÓRIO DO PARQUE OCEANO,"AVENIDA DR JOSÉ JOAQUIM DE ALMEIDA, nº.  2",Auditório,140,25
612,CINEMA CITY ALFRAGIDE - SALA 1,CENTRO COMERCIAL ALEGRO ALFRAGIDE  AV DOS CAVALEIROS,Cinema,240,25
613,CINEMA CITY ALFRAGIDE - SALA 2,CENTRO COMERCIAL ALEGRO ALFRAGIDE  AV DOS CAVALEIROS,Cinema,197,25
614,CINEMA CITY ALFRAGIDE - SALA 3,CENTRO COMERCIAL ALEGRO ALFRAGIDE  AV DOS CAVALEIROS,Cinema,97,25
615,CINEMA CITY ALFRAGIDE - SALA 4,CENTRO COMERCIAL ALEGRO ALFRAGIDE  AV DOS CAVALEIROS,Cinema,87,25
616,CINEMA CITY ALFRAGIDE - SALA 5,CENTRO COMERCIAL ALEGRO ALFRAGIDE  AV DOS CAVALEIROS,Cinema,87,25
617,CINEMA CITY ALFRAGIDE - SALA 6,CENTRO COMERCIAL ALEGRO ALFRAGIDE  AV DOS CAVALEIROS,Cinema,121,25
618,CINEMA CITY ALFRAGIDE - SALA 7,CENTRO COMERCIAL ALEGRO ALFRAGIDE  AV DOS CAVALEIROS,Cinema,127,25
619,CINEMA CITY ALFRAGIDE - SALA 8,CENTRO COMERCIAL ALEGRO ALFRAGIDE  AV DOS CAVALEIROS,Cinema,126,25
620,CINEMA CITY ALFRAGIDE - SALA 9,CENTRO COMERCIAL ALEGRO ALFRAGIDE  AV DOS CAVALEIROS,Cinema,95,25
621,CINEMA CITY ALFRAGIDE - SALA 10,CENTRO COMERCIAL ALEGRO ALFRAGIDE  AV DOS CAVALEIROS,Cinema,95,25
622,AUDITÓRIO RUY DE CARVALHO,CENTRO CÍVICO DE CARNAXIDE,Auditório,288,25
623,AUDITÓRIO MUNICIPAL ANTÓNIO SILVA,CENTRO COMERCIAL QUINTA DAS FLORES-AGUALVA-CACÉM,Auditório,188,25
624,SALA DE ESPEC. DA SOC. FILAR. BOA UNIÃO MONTELAVAR,LARGO MAESTRO MODESTO FERNANDES ALVES VELHO - MONTELAVAR,Outras salas de espetáculos,358,25
625,CINEMAS DO FORUM SINTRA - SALA 1,CENTRO COMERCIAL FORUM SINTRA - MEM MARTINS,Cinema,155,25
626,CINEMAS DO FORUM SINTRA - SALA 2,CENTRO COMERCIAL FORUM SINTRA-MEM MARTINS,Cinema,214,25
627,CINEMAS DO FORUM SINTRA - SALA 3,CENTRO COMERCIAL FORUM SINTRA-MEM MARTINS,Cinema,135,25
628,CINEMAS DO FORUM SINTRA - SALA 4,CENTRO COMERCIAL FORUM SINTRA-MEM MARTINS,Cinema,249,25
629,CINEMAS DO FORUM SINTRA - SALA 5,CENTRO COMERCIAL FORUM SINTRA-MEM MARTINS,Cinema,111,25
630,CINEMAS DO FORUM SINTRA - SALA 6,CENTRO COMERCIAL FORUM SINTRA-MEM MARTINS,Cinema,98,25
631,CINEMAS DO FORUM SINTRA - SALA 7,CENTRO COMERCIAL FÓRUM SINTRA,Cinema,167,25
632,AUDITÓRIO JORGE SAMPAIO DO C. C. OLGA CADAVAL,LARGO DR FRANCISCO SÁ CARNEIRO,Auditório,966,25
633,AUDITÓRIO ACÁCIO BARREIROS DO C. C.OLGA DE CADAVAL,LG DR FRANCISCO SÁ CARNEIRO,Auditório,276,25
634,SALA DE ENSAIOS DO C. C. OLGA DE CADAVAL,LG DR FRANCISCO SÁ CARNEIRO,Teatro,50,25
635,CINEMA CITY BELOURA - SALA 1,"ESTRADA NACIONAL, Nº. 9 - LINHÓ",Cinema,142,25
636,CINEMA CITY BELOURA - SALA 2,"ESTRADA NACIONAL, Nº. 9 - LINHÓ",Cinema,201,25
637,CINEMA CITY BELOURA - SALA 3,"ESTRADA NACIONAL, Nº. 9 - LINHÓ",Cinema,135,25
638,CINEMA CITY BELOURA - SALA 4,"ESTRADA NACIONAL, Nº. 9 - LINHÓ",Cinema,125,25
639,CINEMA CITY BELOURA - SALA 5,"ESTRADA NACIONAL, Nº. 9 - LINHÓ",Cinema,99,25
640,CINEMA CITY BELOURA - SALA 6,"ESTRADA NACIONAL, Nº. 9 - LINHÓ",Cinema,82,25
641,CINEMA CITY BELOURA - SALA 7 (EX-DYNAMIC),"ESTRADA NACIONAL, Nº. 9 - LINHÓ",Cinema,58,25
642,CINEMA CITY BELOURA - SALA 8 - CINEMAX,"ESTRADA NACIONAL, Nº. 9 - LINHÓ",Cinema,300,25
643,PRAÇA DE TOIROS PALHA BLANCO - V.F. XIRA,CAMPO DA ACLAMAÇÃO DA REPÚBLICA,Praça de touros,3496,25
644,AUDITÓRIO DA SOCIEDADE FILARMÓNICA ALVERQUENSE,PRAÇA DA SOCIEDADE FILARMÓNICA RECREIO ALVERQUENSE,Auditório,472,25
645,CINE TEATRO D JOÃO V,LARGO DA IGREJA - AMADORA,Cine-Teatro,388,25
646,CINEMA UCI DOLCE VITA TEJO - SALA 1,RUA DO LOURO - URB. CASAL DE MIRA,Cinema,193,25
647,CINEMA UCI DOLCE VITA TEJO - SALA 2,RUA DO LOURO - URB. CASAL DE MIRA,Cinema,370,25
648,CINEMA UCI DOLCE VITA TEJO - SALA 3,RUA DO LOURO - URB. CASAL DE MIRA,Cinema,314,25
649,CINEMA UCI DOLCE VITA TEJO - SALA 4,RUA DO LOURO - URB. CASAL DE MIRA,Cinema,189,25
650,CINEMA UCI DOLCE VITA TEJO - SALA 5,RUA DO LOURO - URB. CASAL DE MIRA,Cinema,83,25
651,CINEMA UCI DOLCE VITA TEJO - SALA 6,RUA DO LOURO - URB. CASAL DE MIRA,Cinema,103,25
652,CINEMA UCI DOLCE VITA TEJO - SALA 7,RUA DO LOURO - URB. CASAL DE MIRA,Cinema,257,25
653,CINEMA UCI DOLCE VITA TEJO - SALA 8,RUA DO LOURO - URB. CASAL DE MIRA,Cinema,280,25
654,CINEMA UCI DOLCE VITA TEJO - SALA 9,RUA DO LOURO - URB. CASAL DE MIRA,Cinema,297,25
655,CINEMA UCI DOLCE VITA TEJO - SALA 10,RUA DO LOURO - URB. CASAL DE MIRA,Cinema,297,25
656,CINEMA UCI DOLCE VITA TEJO - SALA 11,RUA DO LOURO - URB- CASAL DE MIRA,Cinema,221,25
657,CINEMA NOS ODIVELAS PARQUE - SALA 2,CASAL DO TROCA LT 1 -  PATAMEIRAS,Cinema,179,25
658,CINEMA NOS ODIVELAS PARQUE - SALA 3,CASAL DO TROCA LT 1 -  PATAMEIRAS,Cinema,226,25
659,CINEMA NOS ODIVELAS PARQUE - SALA 4,CASAL DO TROCA LT 1 -  PATAMEIRAS,Cinema,209,25
660,CINEMA NOS ODIVELAS PARQUE - SALA 5,CASAL DO TROCA LT 1 -  PATAMEIRAS,Cinema,150,25
661,CINEMA NOS ODIVELAS PARQUE - SALA 6,CASAL DO TROCA LT 1 -  PATAMEIRAS,Cinema,131,25
662,AUDITÓRIO DO CENTRO CULTURAL MALAPOSTA,RUA ANGOLA,Auditório,159,25
663,SALA DE CINEMA DO CENTRO CULTURAL MALAPOSTA,RUA ANGOLA,Cinema,54,25
664,SALA EXPERIMENTAL DO CENTRO CULTURAL MALAPOSTA,RUA ANGOLA,Teatro,52,25
665,CAFÉ TEATRO DO CENTRO CULTURAL MALAPOSTA,RUA ANGOLA,Café concerto,80,25
666,PAVILHÃO MULTIUSOS DE ODIVELAS,ODIVELAS,Recinto multiusos,3776,25
667,PRAÇA DE TOIROS DE ALCOCHETE,AVENIDA 5 DE OUTUBRO,Praça de touros,3698,26
668,AUDITÓRIO DO FORUM CULTURAL DE ALCOCHETE,ESTRADA MUNICIPAL Nº. 501 - PRAIA DOS MOINHOS,Auditório,374,26
669,CINE TEATRO ACADEMIA INST REC FAMILIAR ALMADENSE,RUA CAPITÃO LEITÃO Nº. 64- A,Cine-Teatro,830,26
670,TEATRO ESTÚDIO ANTÓNIO ASSUNÇÃO,R CONDE FERREIRA,Teatro,127,26
671,TEATRO MUNICIPAL JOAQUIM BENITE,AVENIDA PROFESSOR EGAS MONIZ,Teatro,446,26
672,SALA EXPERIMENTAL DO TEATRO MUN JOAQUIM BENITE,AVENIDA PROFESSOR EGAS MONIZ,Teatro,200,26
673,CAFÉ-CONCERTO DO TEATRO MUNICIPAL JOAQUIM BENITE,AVENIDA PROFESSOR EGAS MONIZ,Café concerto,80,26
674,CINEMAS ALMADA FORUM - SALA 1,ZONA B - CENTRO COMERCIAL FORUM ALMADA,Cinema,362,26
675,CINEMAS ALMADA FORUM - SALA 2,ZONA B - CENTRO COMERCIAL FORUM ALMADA,Cinema,389,26
676,CINEMAS ALMADA FORUM - SALA 3,ZONA B - CENTRO COMERCIAL FORUM ALMADA,Cinema,339,26
677,CINEMAS ALMADA FORUM - SALA 4,ZONA B - CENTRO COMERCIAL  FORUM ALMADA,Cinema,406,26
678,CINEMAS ALMADA FORUM - SALA 5,ZONA B - CENTRO COMERCIAL FORUM ALMADA,Cinema,296,26
679,CINEMAS ALMADA FORUM - SALA 6,ZONA B - CENTRO COMERCIAL FORUM ALMADA,Cinema,139,26
680,CINEMAS ALMADA FORUM - SALA 7,ZONA B - CENTRO COMERCIAL FORUM ALMADA,Cinema,160,26
681,CINEMAS ALMADA FORUM - SALA 8,ZONA B - CENTRO COMERCIAL FORUM ALMADA,Cinema,126,26
682,CINEMAS ALMADA FORUM - SALA 9,ZONA B - CENTRO COMERCIAL FORUM ALMADA,Cinema,183,26
683,CINEMAS ALMADA FORUM - SALA 10,ZONA B - CENTRO COMERCIAL FORUM ALMADA,Cinema,183,26
684,CINEMAS ALMADA FORUM - SALA 11,ZONA B - CENTRO COMERCIAL FORUM ALMADA,Cinema,136,26
685,CINEMAS ALMADA FORUM - SALA 12,ZONA B - CENTRO COMERCIAL FORUM ALMADA,Cinema,158,26
686,CINEMAS ALMADA FORUM - SALA 13,ZONA B - CENTRO COMERCIAL FORUM ALMADA,Cinema,152,26
687,CINEMAS ALMADA FORUM - SALA 14 (SALA 4DX),ZONA B - CENTRO COMERCIAL FORUM ALMADA,Cinema,100,26
688,CINE-TEATRO ACADEMIA ALMADENSE,RUA CAPITÃO LEITÃO  64,Cine-Teatro,198,26
689,CASA DA CULTURA DA QUIMIPARQUE,RUA DA CUF,Outras salas de espetáculos,913,26
690,TEATRO MUNICIPAL DO BARREIRO,R VASCO DA GAMA 41D-R COMBATENTES GRANDE GUERRA 42A,Teatro,85,26
691,AUDITÓRIO MUNICIPAL AUGUSTO CABRITA,PARQUE DOS CASQUILHOS - BARREIRO,Auditório,379,26
692,CASTELLO LOPES CINEMAS - FORUM BARREIRO - SALA 1,RUA STARA ZAGORA 1 - CAMPO DAS CORDOARIAS - FORUM BARREIRO,Cinema,203,26
693,CASTELLO LOPES CINEMAS - FORUM BARREIRO - SALA 2,RUA STARA ZAGORA 1 - CAMPO DAS CORDOARIAS - FORUM BARREIRO,Cinema,115,26
694,CASTELLO LOPES CINEMAS - FORUM BARREIRO - SALA 3,RUA STARA ZAGORA 1 - CAMPO DAS CORDOARIAS - FORUM BARREIRO,Cinema,112,26
695,CASTELLO LOPES CINEMAS - FORUM BARREIRO - SALA 4,RUA STARA ZAGORA 1 - CAMPO DAS CORDOARIAS - FORUM BARREIRO,Cinema,122,26
696,AUDITÓRIO FORUM CULTURAL JOSÉ MANUEL FIGUEIREDO,RUA JOSÉ VICENTE,Auditório,318,26
697,CAFÉ CONCERTO FORUM CULT. JOSÉ MANUEL FIGUEIREDO,RUA JOSÉ VICENTE,Café concerto,50,26
698,PRAÇA DE TOIROS DANIEL NASCIMENTO - MOITA,AVENIDA DR. TEÓFILO BRAGA,Praça de touros,5512,26
699,CINE TEATRO JOAQUIM DE ALMEIDA,RUA JOAQUIM DE ALMEIDA,Cine-Teatro,643,26
700,PRAÇA DE TOIROS AMADEU AUGUSTO DOS SANTOS-MONTIJO,LARGO DO MERCADO,Praça de touros,5923,26
701,CINEMA NOS MONTIJO - SALA 1,LUGAR PAU QUEIMADO - AFONSOEIRO,Cinema,363,26
702,CINEMA NOS MONTIJO - SALA 2,LUGAR PAU QUEIMADO - AFONSOEIRO,Cinema,359,26
703,CINEMA NOS MONTIJO - SALA 3,LUGAR PAU QUEIMADO - AFONSOEIRO,Cinema,145,26
704,CINEMA NOS MONTIJO - SALA 4,LUGAR PAU QUEIMADO - AFONSOEIRO,Cinema,179,26
705,CINEMA NOS MONTIJO - SALA 5,LUGAR PAU QUEIMADO - AFONSOEIRO,Cinema,179,26
706,CINEMA NOS MONTIJO - SALA 6,LUGAR PAU QUEIMADO - AFONSOEIRO,Cinema,144,26
707,CINE TEATRO S JOÃO,PALMELA,Cine-Teatro,480,26
708,AUDITÓRIO MUNICIPAL DO FORUM CULTURAL DO SEIXAL,QUINTA DOS FRANCESES,Auditório,345,26
709,CINE PLACE RIO SUL SHOPPING - SALA 1,AVENIDA LIBERTADORES DE TIMOR LORO SAE,Cinema,298,26
710,CINE PLACE RIO SUL SHOPPING - SALA 2,AVENIDA LIBERTADORES DE TIMOR LORO SAE,Cinema,190,26
711,CINE PLACE RIO SUL SHOPPING - SALA 3,AVENIDA LIBERTADORES DE TIMOR LORO SAE,Cinema,149,26
712,CINE PLACE RIO SUL SHOPPING - SALA 4,AVENIDA LIBERTADORES DE TIMOR LORO SAE,Cinema,208,26
713,CINE PLACE RIO SUL SHOPPING - SALA 5,AVENIDA LIBERTADORES DE TIMOR LORO SAE,Cinema,133,26
714,CINE PLACE RIO SUL SHOPPING - SALA 6,AVENIDA LIBERTADORES DE TIMOR LORO SAE,Cinema,95,26
715,CINE PLACE RIO SUL SHOPPING - SALA 7,AVENIDA LIBERTADORES DE TIMOR LORO SAE,Cinema,70,26
716,CINE TEATRO JOÃO MOTA,AVENIDA  DA LIBERDADE Nº. 46,Cine-Teatro,257,26
717,SALA PRINCIPAL DO FÓRUM MUNICIPAL LUISA TODI,AVENIDA LUISA TODI,Cine-Teatro,638,26
718,SALA POLIVALENTE DO FORUM MUNICIPAL LUISA TODI,AVENIDA  LUISA TODI,Café concerto,132,26
719,CINEMA CHARLOT,RUA DR ANTÓNIO MANUEL GAMITO LT 1,Cinema,230,26
720,PRAÇA DE TOIROS CARLOS RELVAS - SETÚBAL,RUA D. MARIA BAPTISTA,Praça de touros,4135,26
721,TEATRO DE BOLSO,"RUA DR. ANIBAL ÁLVARES DA SILVA, Nº. 9 - R/C",Teatro,50,26
722,AUDITÓRIO AO AR LIVRE DA PRAÇA JOSÉ AFONSO,PRAÇA JOSÉ AFONSO,Anfiteatro ao ar livre,2517,26
723,AUDITÓRIO DA ESCOLA HOTELARIA TURISMO DE SETÚBAL,AV LUÍSA TODI - BALUARTE DO CAIS,Auditório,88,26
724,CINEMA CITY C.C. ALEGRO SETÚBAL - SALA 1,AV ANTERO DE QUENTAL 2,Cinema,131,26
725,CINEMA CITY C.C. ALEGRO SETÚBAL - SALA 2,AV ANTERO DE QUENTAL 2,Cinema,111,26
726,CINEMA CITY C.C. ALEGRO SETÚBAL - SALA 3,AV ANTERO DE QUENTAL 2,Cinema,111,26
727,CINEMA CITY C.C. ALEGRO SETÚBAL - SALA 4,AV ANTERO DE QUENTAL 2,Cinema,107,26
728,CINEMA CITY C.C. ALEGRO SETÚBAL - SALA 5,AV ANTERO DE QUENTAL 2,Cinema,111,26
729,CINEMA CITY C.C. ALEGRO SETÚBAL - SALA 6,AV ANTERO DE QUENTAL 2,Cinema,107,26
730,CINEMA CITY C.C. ALEGRO SETÚBAL - SALA 7,AV ANTERO DE QUENTAL 2,Cinema,107,26
731,CINEMA CITY C.C. ALEGRO SETÚBAL - SALA 8,AV ANTERO DE QUENTAL 2,Cinema,133,26
732,CINEMA CITY C.C. ALEGRO SETÚBAL - SALA 9,AV ANTERO DE QUENTAL 2,Cinema,331,26
733,CINE TEATRO CAMACHO COSTA,"PRAÇA SOUSA PRADO, ODEMIRA",Cine-Teatro,276,27
734,CINE TEATRO GIRASSOL,R DO CERCAL-VILA NOVA DE MILFONTES,Cinema,279,27
735,PRAÇA DE TOIROS JOÃO BRANCO NÚNCIO - ALCÁCER SAL,ALCÁCER DO SAL,Praça de touros,3791,28
736,AUDITÓRIO MUNICIPAL DE ALCÁCER DO SAL,RUA MANUEL MARIA BARBOSA DU BOCAGE - BAIRRO DO MORGADINHO,Auditório,204,28
737,SALA DE ESPECTÁCULOS DO CASINO DE TRÓIA,CASINO DE TRÓIA - GRÂNDOLA,Outras salas de espetáculos,565,28
738,AUDITÓRIO MUNICIPAL ANTÓNIO CHAINHO,AVENIDA 1º. DE MAIO,Auditório,247,28
739,CINEMA SALA DAS FITAS,"RUA ANTÓNIO ALEIXO, Nº. 28  -  SINESHOPPING - SINES",Cinema,114,28
740,PRAÇA DE TOIROS ANTÓNIO MANUEL LAMPREIA- ALJUSTREL,ALJUSTREL E RIO DE MOINHOS,Praça de touros,776,29
741,PRAÇA DE TOIROS PADRE SERRALHEIRO - MESSEJANA,MESSEJANA,Praça de touros,2000,29
742,AUDITÓRIO DA BIBLIOTECA MUNICIPAL DE ALJUSTREL,LARGO DA BIBLIOTECA,Auditório,124,29
743,AUDITÓRIO DO CINE TEATRO PAX JÚLIA,PRAÇA CORONEL BAPTISTA,Cine-Teatro,618,29
744,SALA ESTÚDIO DO CINE TEATRO PAX JÚLIA,PRAÇA CORONEL BAPTISTA,Outras salas de espetáculos,62,29
745,CAFÉ CONCERTO DO CINE TEATRO PAX JÚLIA,PRAÇA CORONEL BAPTISTA,Café concerto,80,29
746,PRAÇA DE TOIROS JOSÉ VARELA CRUJO - BEJA,BEJA,Praça de touros,3822,29
747,CINEMA MÉLIUS,"AVENIDA  FIALHO DE ALMEIDA, Nº. 18",Cinema,218,29
748,CINE TEATRO MUNICIPAL DE CASTRO VERDE,PRAÇA DA LIBERDADE,Cine-Teatro,338,29
749,AUDITÓRIO DO CENTRO CULTURAL DE CUBA,LARGO FIALHO DE ALMEIDA,Auditório,204,29
750,CENTRO CULTURAL MANUEL DA FONSECA,RUA  ZECA AFONSO,Outras salas de espetáculos,126,29
751,CINE TEATRO MARQUES DUQUE,RUA DR. AFONSO COSTA,Cine-Teatro,173,29
752,CINE TEATRO CARIDADE,PRAÇA SACADURA CABRAL,Cine-Teatro,262,29
753,PRAÇA DE TOIROS JOSÉ DE ALMEIDA - MOURA,"AVENIDA SALÚQUIA, FREGUESIA DE S. JOÃO BATISTA",Praça de touros,3500,29
754,PRAÇA DE TOIROS DA AMARELEJA,AMARELEJA,Praça de touros,1652,29
755,PRAÇA DE TOIROS DA PÓVOA DE S MIGUEL - MOURA,PÓVOA DE S MIGUEL,Praça de touros,1000,29
756,PRAÇA DE TOIROS DE SOBRAL DA ADIÇA,SOBRAL DA ADIÇA,Praça de touros,1000,29
757,CINE TEATRO SOUSA TELLES,"PRAÇA D. DINIZ, OURIQUE",Cine-Teatro,168,29
758,PRAÇA DE TOIROS DR.ANTÓNIO AFONSO NOBRE SEMEDO,GARVÃO,Praça de touros,1600,29
759,AUDITÓRIO DO CENTRO DE MÚSICA MUSIBÉRIA,RUA AFONSO HENRIQUES DO PRADO CASTRO E LEMOS,Auditório,140,29
760,CINEMA ATRIUM AZAMBUJA,RUA ENGº MONIZ DA MAIA E RUA TEODORO JOSÉ DA SILVA FRACÇÃO R,Cinema,104,30
761,PRAÇA DE TOIROS DR. ORTIGÃO COSTA - AZAMBUJA,CAMPO DA FEIRA DE MAIO,Praça de touros,2140,30
762,CINE TEATRO DE ALMEIRIM,PRAÇA DA REPÚBLICA,Cine-Teatro,268,31
763,PRAÇA DE TOIROS DE ALMEIRIM,LARGO DA PRAÇA DE TOIROS,Praça de touros,5490,31
764,CINE TEATRO DE BENAVENTE,PRAÇA DA REPÚBLICA,Cine-Teatro,453,31
765,CINEMA AO AR LIVRE DO CINE TEATRO DE BENAVENTE,PRAÇA DA REPÚBLICA,Cinema,300,31
766,GRANDE AUDITÓRIO DO CENTRO CULTURAL DO CARTAXO,RUA 5 DE OUTUBRO,Auditório,316,31
767,PEQUENO AUDITÓRIO DO  CENTRO CULTURAL DO CARTAXO,RUA 5 DE OUTUBRO,Auditório,89,31
768,PRAÇA DE TOIROS DO CARTAXO,LARGO VASCO DA GAMA,Praça de touros,3363,31
769,PRAÇA DE TOIROS DA CHAMUSCA,RUA  DIREITA DE SÃO PEDRO,Praça de touros,2540,31
770,CINE TEATRO DA CHAMUSCA,"LARGO 25 DE ABRIL, CHAMUSCA",Cine-Teatro,308,31
771,PRAÇA DE TOIROS DE CORUCHE,LARGO DO ROSSIO,Praça de touros,6024,31
772,AUDITÓRIO MUNICIPAL DE CORUCHE,PARQUE DO SORRAIA,Auditório,144,31
773,ANFITEATRO DO PARQUE DO SORRAIA,CAMPO DA FEIRA (ROSSIO),Anfiteatro ao ar livre,280,31
774,CINE-TEATRO / CASA DA CULTURA DE RIO MAIOR,RUA 5 DE OUTUBRO,Cine-Teatro,250,31
775,PRAÇA DE TOIROS DE SALVATERRA DE MAGOS,SALVATERRA DE MAGOS,Praça de touros,3205,31
776,TEATRO SÁ DA BANDEIRA,RUA JOÃO AFONSO,Cine-Teatro,203,31
777,PRAÇA DE TOIROS MONUMENTAL CELESTINO GRAÇA,LARGO EMILIO INFANTE DA CÂMARA,Praça de touros,11438,31
778,GRANDE AUDITÓRIO DA CNEMA,QTA DAS CEGONHAS LT 7,Auditório,1206,31
779,PEQUENO AUDITÓRIO DA CNEMA,QTA DAS CEGONHAS LT 7,Auditório,106,31
780,AUDITÓRIO DO CENTRO DE JUVENTUDE DE SANTARÉM,AV GRUPO DE FORCADOS AMADORES DE SANTARÉM  1,Auditório,168,31
781,CINEMAS W SHOPPING SANTARÉM - SALA 1,LARGO CÂNDIDO DOS REIS,Cinema,84,31
782,CINEMAS W SHOPPING SANTARÉM - SALA 2,LARGO CÂNDIDO DOS REIS,Cinema,77,31
783,CINEMAS W SHOPPING SANTARÉM - SALA 3,LARGO CÂNDIDO DOS REIS,Cinema,256,31
784,CINEMAS W SHOPPING SANTARÉM - SALA 4,LARGO CÂNDIDO DOS REIS,Cinema,133,31
785,CINEMAS W SHOPPING SANTARÉM - SALA 5,LARGO CÂNDIDO DOS REIS,Cinema,87,31
786,CINEMAS W SHOPPING SANTARÉM - SALA 6,LARGO CÂNDIDO DOS REIS,Cinema,160,31
787,PRAÇA DE TOIROS DE ALTER DO CHÃO,ALTER DO CHÃO,Praça de touros,2109,32
788,PRAÇA DE TOIROS DE ARRONCHES,ARRONCHES,Praça de touros,1716,32
789,AUDITÓRIO DO CENTRO CULTURAL DE ARRONCHES,RUA PROJECTADA Á CALEGA DE SANTO ANTÓNIO,Auditório,252,32
790,AUDITÓRIO DO CENTRO CULTURAL DE CAMPO MAIOR,AV ANTÓNIO SÉRGIO,Auditório,210,32
791,PRAÇA DE TOIROS DE PÓVOA E MEADAS,PÓVOA E MEADAS,Praça de touros,1671,32
792,REDONDEL TOURINO DA JUNTA DE FREGUESIA DA GAFETE,BAIRRO DR ARMANDO PEQUITO-GAFETE,Praça de touros,1000,32
793,PRAÇA DE TOIROS/AUDITÓRIO AO AR LIVRE DO CRATO,"EN 245 KM 14,600",Praça de touros,1382,32
794,AUDITÓRIO SÃO MATEUS,LG LUÍS DE CAMÕES,Auditório,211,32
795,PRAÇA DE TOIROS DE SANTA EULÁLIA - ELVAS,COURELA DA PRAÇA-STA EULÁLIA,Praça de touros,2008,32
796,PRAÇA DE TOIROS DE TERRUGEM,TERRUGEM,Praça de touros,2750,32
797,COLISEU JOSÉ RONDÃO DE ALMEIDA - EX PT DE ELVAS,MORGADINHO - ASSUNÇÃO,Praça de touros multiusos,6108,32
798,CINE TEATRO DE ELVAS,LG 1º DE DEZEMBRO-ALCAÇOVA,Cine-Teatro,325,32
799,PRAÇA DE TOIROS DE CABEÇO DE VIDE,CABEÇO DE VIDE,Praça de touros,1097,32
800,PRAÇA DE TOIROS DE SANTO ANTÓNIO DAS AREIAS,SANTO ANTÓNIO DAS AREIAS,Praça de touros,2128,32
801,CENTRO DE CONVÍVIO CULTURAL E RECR DE MARVÃO-SEDE,LG TERREIRO,Outras salas de espetáculos,150,32
802,PRAÇA DE TOIROS DE MONFORTE,MONFORTE,Praça de touros,1279,32
803,PRAÇA DE TOIROS DE ALPALHÃO,ALPALHÃO,Praça de touros,1233,32
804,PRAÇA DE TOIROS DE NISA,NISA,Praça de touros,1590,32
805,TEATRO CINEMA DE PONTE DE SOR,AV MANUEL PIRES FILIPE,Cine-Teatro,380,32
806,PRAÇA DE TOIROS JOSÉ ELIAS MARTINS - PORTALEGRE,FORTIOS,Praça de touros,4619,32
807,TEATRO O SEMEADOR,CONVENTO DE SANTA CLARA,Teatro,82,32
808,GRANDE AUDITÓRIO CENTRO ARTES ESPECT. PORTALEGRE,PRAÇA DA REPÚBLICA,Auditório,500,32
809,PEQUENO AUDITÓRIO CENTRO ARTES ESPECT. PORTALEGRE,PRAÇA DA REPÚBLICA,Auditório,167,32
810,CAFÉ CONCERTO CENTRO ARTES ESPECT. PORTALEGRE,PC DA REPÚBLICA,Café concerto,50,32
811,PRAÇA DE TOIROS PEDRO LOUCEIRO-SOUSEL,SOUSEL,Praça de touros,1000,32
812,AUDITÓRIO DA BIBLIOTECA MUNICIPAL DE SOUSEL,SOUSEL,Auditório,110,32
813,AUDITÓRIO DO FÓRUM CULT TRANSFRONTEIRIÇO-ALANDROAL,ROSSIO DE ARQUIZ,Auditório,180,33
814,CINE TEATRO MUNICIPAL DE BORBA,RUA  RODRIGO DA CUNHA FERREIRA,Cine-Teatro,93,33
815,TEATRO BERNARDIM RIBEIRO,AVENIDA 25 DE ABRIL,Cine-Teatro,246,33
816,PRAÇA DE TOIROS DE ESTREMOZ,ESTREMOZ,Praça de touros,2632,33
817,ARENA D'ÉVORA - EX PRAÇA DE TOIROS,ÉVORA,Praça de touros multiusos,4829,33
818,TEATRO GARCIA DE RESENDE,PC JOAQUIM DE AGUIAR,Cine-Teatro,334,33
819,PRAÇA DE TOIROS DE JOSÉ JACINTO BRANCO-SÃO MANÇOS,SÃO MANÇOS,Praça de touros,2077,33
820,SALA ESPETÁCULOS ASS MUSICAL ÉVORA EBORAE MÚSICA,"AVENIDA DE SÃO SEBASTIÃO, CONVENTO DOS REMÉDIOS",Outras salas de espetáculos,160,33
821,PRAÇA DE TOIROS DE MONTEMOR-O-NOVO,ROSSIO -  MONTEMOR-O-NOVO,Praça de touros,2879,33
822,PRAÇA DE TOIROS DA GRANJA,GRANJA,Praça de touros,900,33
823,PRAÇA DE TOIROS DE MOURÃO,"PRAÇA DA REPÚBLICA, 20",Praça de touros,1620,33
824,PRAÇA DE TOIROS DA NOVA ALDEIA DA LUZ,"LARGO 25 DE ABRIL, 12",Praça de touros,500,33
825,PRAÇA DE TOIROS DE AMIEIRA,AMIEIRA,Praça de touros,1820,33
826,AUDITÓRIO MUNICIPAL DE PORTEL,RUA DOS BOMBEIROS VOLUNTÁRIOS,Auditório,217,33
827,COLISEU DE REDONDO - EX PRAÇA DE TOIROS,ALAMEDA DO CALVÁRIO,Praça de touros multiusos,2844,33
828,AUDITÓRIO DO CENTRO CULTURAL DE REDONDO,RUA 1º DEZEMBRO,Auditório,206,33
829,CAFÉ CONCERTO DO CENTRO CULTURAL DE REDONDO,REDONDO,Café concerto,150,33
830,AUDITÓRIO MUNICIPAL DE REGUENGOS DE MONSARAZ,PRAÇA MANUEL PAPANÇA,Auditório,249,33
831,PRAÇA DE TOIROS JOSÉ MESTRE BATISTA,CAMPO 25 DE ABRIL,Praça de touros,3134,33
832,AUDITÓRIO MUNICIPAL DE VENDAS NOVAS,"RUA SÃO DOMINGOS SÁVIO, JARDIM PÚBLICO",Auditório,204,33
833,CINE TEATRO VIANENSE,RUA DR. ANTÓNIO JOSÉ DE ALMEIDA  24 E 26 - VIANA DO ALENTEJO,Cine-Teatro,425,33
834,CINE TEATRO FLORBELA ESPANCA,AVENIDA BENTO DE JESUS CARAÇA,Cine-Teatro,343,33
835,PRAÇA DE TOIROS DE VILA VIÇOSA,LARGO DOS CAPUCHOS,Praça de touros,2434,33
836,PRAÇA DE TOIROS DE BENCATEL,"RUA DAS MASCARENHAS, FREGUESIA DE BENCATEL",Praça de touros,1200,33
837,PRAÇA DE TOIROS DE ALBUFEIRA,AREIAS DE SÃO JOÃO,Praça de touros,3250,34
838,CINE PLACE ALGARVE SHOPPING - SALA 1,CENTRO COMERCIAL ALGARVESHOPPING - GUIA,Cinema,114,34
839,CINE PLACE ALGARVE SHOPPING - SALA 2,CENTRO COMERCIAL ALGARVESHOPPING - GUIA,Cinema,185,34
840,CINE PLACE ALGARVE SHOPPING - SALA 3,CENTRO COMERCIAL ALGARVESHOPPING - GUIA,Cinema,89,34
841,CINE PLACE ALGARVE SHOPPING - SALA 4,CENTRO COMERCIAL ALGARVESHOPPING - GUIA,Cinema,102,34
842,CINE PLACE ALGARVE SHOPPING - SALA 5,CENTRO COMERCIAL ALGARVESHOPPING - GUIA,Cinema,83,34
843,CINE PLACE ALGARVE SHOPPING - SALA 6,CENTRO COMERCIAL ALGARVESHOPPING - GUIA,Cinema,126,34
844,CINE PLACE ALGARVE SHOPPING - SALA 7,CENTRO COMERCIAL ALGARVESHOPPING - GUIA,Cinema,142,34
845,CINE PLACE ALGARVE SHOPPING - SALA 8,CENTRO COMERCIAL ALGARVESHOPPING - GUIA,Cinema,156,34
846,CINE PLACE ALGARVE SHOPPING - SALA 9,CENTRO COMERCIAL ALGARVESHOPPING - GUIA,Cinema,114,34
847,CINEMA OSSONOBA,ESTOI,Auditório,200,34
848,TEATRO LETHES,"RUA DR JUSTINO CÚMANO, Nº. 1",Teatro,256,34
849,AUDITÓRIO INSTITUTO PORTUGUÊS DA JUVENTUDE (FARO),RUA DA P.S.P.,Auditório,135,34
850,TEATRO MUNICIPAL DE FARO  -  GRANDE AUDITÓRIO,EN 125  HORTA DAS FIGURAS,Teatro,786,34
851,TEATRO MUNICIPAL DE FARO - PEQUENO AUDITÓRIO,EN 125  HORTA DAS FIGURAS,Outras salas de espetáculos,130,34
852,COMPLEXO DE CINEMAS FORUM ALGARVE - SALA 1,SÍTIO DA MÁ VONTADE,Cinema,150,34
853,COMPLEXO DE CINEMAS FORUM ALGARVE - SALA 2,SÍTIO DA MÁ VONTADE,Cinema,114,34
854,COMPLEXO DE CINEMAS FORUM ALGARVE - SALA 3,SÍTIO DA MÁ VONTADE,Cinema,193,34
855,COMPLEXO DE CINEMAS FORUM ALGARVE - SALA 4,SÍTIO DA MÁ VONTADE,Cinema,193,34
856,COMPLEXO DE CINEMAS FORUM ALGARVE - SALA 5,SÍTIO DA MÁ VONTADE,Cinema,302,34
857,AUDITÓRIO DA UNIVERSIDADE DO ALGARVE,"UNIVERSIDADE DO ALGARVE, CAMPUS DE GAMBELAS",Auditório,418,34
858,AUDITÓRIO MUNICIPAL DE LAGOA,RUA DO CENTRO DE SAÚDE,Auditório,298,34
859,AUDITÓRIO DO PAVILHÃO MULTIUSOS DO ARADE,SITIO DA PASSAGEM - PARCHAL - LAGOA,Auditório,1300,34
860,CINEMA LAGOSHOPPING - SALA 1,RUA CÂNDIDO DOS REIS,Cinema,346,34
861,CINEMA LAGOSHOPPING - SALA 2,RUA CÂNDIDO DOS REIS,Cinema,94,34
862,AUDITÓRIO MUNICIPAL AO AR LIVRE DE LAGOS,PARQUE DAS FREIRAS,Anfiteatro ao ar livre,2500,34
863,AUDITÓRIO DO CENTRO CULTURAL DE LAGOS,"RUA LANÇAROTE DE FREITAS, Nº.7",Auditório,288,34
864,CINE TEATRO LOULETANO,AV JOSÉ DA COSTA MEALHA,Cine-Teatro,345,34
865,SALA DE ESPECTÁCULOS DO CASINO DE VILAMOURA,VILAMOURA,Outras salas de espetáculos,400,34
866,CINEMAS NOS MAR SHOPPING ALGARVE - SALA 1,"CENTRO COMERCIAL MAR SHOPPING ALGARVE, LOJA N.º 1.21",Cinema,95,34
867,CINEMAS NOS MAR SHOPPING ALGARVE - SALA 2,"CENTRO COMERCIAL MAR SHOPPING ALGARVE, LOJA N.º 1.21",Cinema,488,34
868,CINEMAS NOS MAR SHOPPING ALGARVE - SALA 3,"CENTRO COMERCIAL MAR SHOPPING ALGARVE, LOJA N.º 1.21",Cinema,99,34
869,CINEMAS NOS MAR SHOPPING ALGARVE - SALA 4,"CENTRO COMERCIAL MAR SHOPPING ALGARVE, LOJA N.º 1.21",Cinema,250,34
870,CINEMAS NOS MAR SHOPPING ALGARVE - SALA 5,"CENTRO COMERCIAL MAR SHOPPING ALGARVE, LOJA N.º 1.21",Cinema,99,34
871,AUDITÓRIO MUNICIPAL DE OLHÃO,RUA DIOGO DE MENDONÇA CORTE REAL,Auditório,420,34
872,SALA DE ESPECTÁCULOS DO CASINO DA PRAIA DA ROCHA,AVENIDA TOMÁS CABREIRA - PRAIA DA ROCHA,Outras salas de espetáculos,220,34
873,CINEPLACE CONTINENTE DE PORTIMÃO - SALA 1,CENTRO COMERCIAL CONTINENTE,Cinema,181,34
874,CINEPLACE CONTINENTE DE PORTIMÃO - SALA 2,CENTRO COMERCIAL CONTINENTE,Cinema,126,34
875,CINEPLACE CONTINENTE DE PORTIMÃO - SALA 3,CENTRO COMERCIAL CONTINENTE,Cinema,111,34
876,CINEPLACE CONTINENTE DE PORTIMÃO - SALA 4,CENTRO COMERCIAL CONTINENTE,Cinema,111,34
877,CINEPLACE CONTINENTE DE PORTIMÃO - SALA 5,CENTRO COMERCIAL CONTINENTE,Cinema,126,34
878,CINEPLACE CONTINENTE DE PORTIMÃO - SALA 6,CENTRO COMERCIAL CONTINENTE,Cinema,181,34
879,GRANDE AUDITÓRIO NUNO MERGULHÃO DO TEMPO,LARGO  1º DEZEMBRO,Auditório,458,34
880,PEQUENO AUDITÓRIO DO TEMPO,LARGO  1º DEZEMBRO,Auditório,165,34
881,CAFÉ CONCERTO DO TEMPO-TEATRO MUN. PORTIMÃO,LARGO 1º. DEZEMBRO,Café concerto,150,34
882,AUDITÓRIO DO MUSEU MUNICIPAL DE PORTIMÃO,ANTIGA FÁBRICA DO FEU - ESTRADA DA ROCHA - PORTIMÃO,Auditório,174,34
883,PAVILHÃO MULTIUSOS PORTIMÃO ARENA,CALDEIRA DO MOINHO,Recinto multiusos,8000,34
884,BLACK BOX DO TEMPO,LARGO  1º DEZEMBRO,Outras salas de espetáculos,50,34
885,CINETEATRO SÃO BRÁS,"AVENIDA DA LIBERDADE,  Nºs.  22 - 24",Cine-Teatro,342,34
886,TEATRO GREGÓRIO MASCARENHAS,RUA CÂNDIDO DOS REIS,Teatro,168,34
887,PÁTIO EXTERIOR DO TEATRO GREGÓRIO MASCARENHAS,RUA CÂNDIDO DOS REIS,Anfiteatro ao ar livre,150,34
888,CINE TEATRO ANTÓNIO PINHEIRO,R D MARCELINO FRANCO 10,Cine-Teatro,400,34
889,SALA DE ESPECTÁCULOS DO CASINO DE MONTE GORDO,"AVENIDA INFANTE DOM HENRIQUE, APARTADO 51",Outras salas de espetáculos,250,34
890,CINEMA DO GLÓRIA FUTEBOL CLUBE,"RUA DOM PEDRO V, Nº. 47",Cinema,175,34
891,CENTRO CULTURAL ANTÓNIO ALEIXO,R TEÓFILO BRAGA,Outras salas de espetáculos,287,34
